Collection,Topic,State,Title,Publisher,Date,Format,Link,What it covers,Verified quotes,Who should read it,Limitations,Verified on
"Federal data, national labs and the grid","Federal government, national labs, grid reliability and energy data",,United States Data Center Energy Usage Report: 2025 Update,"Lawrence Berkeley National Laboratory, sponsored by U.S. Department of Energy (record hosted by DOE Office of Scientific and Technical Information, OSTI)",18 June 2026 (Technical Report date on OSTI record),Report,https://www.osti.gov/biblio/3374245,"This is the newest edition of the congressionally requested national estimate of data center electricity use. The OSTI abstract says it updates the 2024 report, extends the projection horizon to 2030, and gives a central estimate plus a scenario range. The record lists LBNL authors (Smith, Hubbard, Newkirk, Ganeshalingam, Holecek, Sartor, Mills, Shehabi), report number LBNL-2001758 and DOI 10.71468/P1RP4F. DOE's data center hub adds that the update uses new sensitivity scenarios and a model built on projected shipments of data center equipment.","""This report updates the 2024 Data Center Energy Usage Report (2024 Report) and estimates that data centers could account for 11.8% of total U.S. electricity by 2030."" | ""The estimate also includes a range of scenarios that indicate the energy use could be between 9.5 and 15.3% of total U.S. electricity use by 2030."" | ""In comparison, the 2024 Report estimate range was 6.7% to 12.0% of total U.S. electricity by 2028.""","Planning staff, council and commission members, economic development staff, utility regulators, anyone citing a national data center electricity number","DOE's hub page describing this update states: ""The estimates are based on an energy-use modeling framework based on projected shipments of data center equipment, and do not directly address potential growth in grid or on-site energy supply.""",18 September 2026
"Federal data, national labs and the grid","Federal government, national labs, grid reliability and energy data",,2024 United States Data Center Energy Usage Report,"Lawrence Berkeley National Laboratory (Energy Technologies Area), for the U.S. Department of Energy",12/19/2024 (Date Published on LBNL page),Report,https://eta.lbl.gov/publications/2024-lbnl-data-center-energy-usage-report,"The LBNL publication page says the report meets the Energy Act of 2020 request that DOE update LBNL's 2016 national data center energy study. It estimates historical U.S. data center electricity use back to 2014 from prior studies and equipment shipment data, and gives a scenario range of demand to 2028. Authors include Arman Shehabi, Sarah Josephine Smith, Jonathan Koomey, Eric Masanet and Dale Sartor; DOI 10.71468/P1WC7Q. The Berkeley Lab News Center summary (Jan.","""Data centers consumed about 4.4% of total U.S. electricity in 2023 and, depending upon how much the rest of the economy grows, are expected to consume between 6.7 and 12% of total U.S. electricity by 2028."" | ""The total data center electricity usage climbed from 58 TWh in 2014 to 176 TWh in 2023 and is estimated to increase between 325 to 580 TWh by 2028."" | ""Between 2017 and 2023, data-center power demand more than doubled, largely due to the growth in AI servers."" | ""This report also provides a scenario range of future demand out to 2028 based on new trends and the most recent available data.""","Planning staff, council members, utility regulators, economic development staff",,18 September 2026
"Federal data, national labs and the grid","Federal government, national labs, grid reliability and energy data",,DOE Releases New Report Evaluating Increase in Electricity Demand from Data Centers,U.S. Department of Energy,"December 20, 2024",Web page,https://www.energy.gov/articles/doe-releases-new-report-evaluating-increase-electricity-demand-data-centers,"DOE's announcement of the 2024 LBNL report restates its headline numbers for 2014, 2023 and 2028. It then lists DOE's strategies for meeting data center demand, starting with data center flexibility through onsite generation and storage. It frames data center growth alongside manufacturing and electrification as drivers of rising U.S. demand.","""The report estimates that data center load growth has tripled over the past decade and is projected to double or triple by 2028."" | ""The report finds that data centers consumed about 4.4% of total U.S. electricity in 2023 and are expected to consume approximately 6.7 to 12% of total U.S. electricity by 2028."" | ""Enabling data center flexibility through onsite power generation and storage solutions, including the Industrial Efficiency and Decarbonization Office’s Onsite Energy Program and new Industrial Energy Storage Systems""",Elected officials and communications staff who want DOE's plain-language summary,,18 September 2026
"Federal data, national labs and the grid","Federal government, national labs, grid reliability and energy data",,Powering America's AI Future: Data Center Resource Hub,U.S. Department of Energy,undated,Web page,https://www.energy.gov/powering-americas-ai-future-data-center-resource-hub,"DOE's central data center page, organized under Ensuring Affordable Energy, Building More Power, Strengthening Grid Reliability, Delivering Benefits to American Communities, Technological Innovation, and Data and Transparency. It lays out the Ratepayer Protection Pledge terms, DOE loans and nuclear actions, the SPARK transmission program, backup-generation use in emergencies, and technical assistance for state energy offices, public utility commissions and local stakeholders. It closes by summarizing the LBNL 2025 Update.","""Pay for all new required power delivery infrastructure upgrades"" | ""DOE provides technical assistance, planning support, and analytical resources to state energy offices, public utility commissions, and local stakeholders to help communities with large energy projects and plan for future growth."" | ""DOE is also working to leverage backup generation resources at data centers and other industrial sites to reduce blackout risks during emergencies.""","Council members, city managers, economic development staff, local utility liaisons",,18 September 2026
"Federal data, national labs and the grid","Federal government, national labs, grid reliability and energy data",,Electricity Demand Growth Resource Hub,"U.S. Department of Energy, Office of Policy",undated,Web page,https://www.energy.gov/policy/electricity-demand-growth-resource-hub,"An Office of Policy page collecting DOE tools and studies on load growth, with sections titled Understanding Electricity Demand Growth and Available Solutions, DOE Programs, and DOE Strategy on Electricity Demand Growth. It points to technical assistance for states and utilities, a resource adequacy study, and DOE's report on clean energy resources to meet data center demand.","""Rising electricity demand is mainly driven by data center expansion and the rise of artificial intelligence (AI) applications, domestic manufacturing growth, and electrification of different sectors."" | ""Clean Energy Resources to Meet Data Center Electricity Demand provides additional context about data center load growth during the clean energy transition and lays out the broad portfolio of energy technologies and enabling solutions available today to meet rising demand.""",Planning and sustainability staff looking for DOE technical assistance programs,"The page states: ""This hub will be expanded and further developed over time as new research and resources become available.""",18 September 2026
"Federal data, national labs and the grid","Federal government, national labs, grid reliability and energy data",,Fossil generation could rise with faster-than-expected growth in data center power demand,"U.S. Energy Information Administration (Today in Energy, in-depth analysis)","March 12, 2026",Web page,https://www.eia.gov/todayinenergy/detail.php?id=67344,"Built on the February 2026 Short-Term Energy Outlook, this analysis models faster-than-expected electricity demand growth from data centers while holding generating capacity fixed. It reviews national demand growth since 2020 and regional forecasts for ERCOT, PJM, MISO and SPP. It then looks at the effects on generation mix and wholesale prices, and explains how grid operators manage new large-load interconnections.","""Between 2020 and 2025, U.S. electricity demand, as measured by net energy for load, grew about 1.7% annually compared with 0.1% annual growth between 2005 and 2019."" | ""We expect that the highest load growth will be in the ERCOT and PJM regions where forecast growth of annual electricity load averages 10% and 3%, respectively, between 2025 and 2027."" | ""The results indicate that most regions can accommodate higher-than-expected electricity demand growth, but the modeled price effects in ERCOT highlight some of the challenges grid operators have in managing large increases of load in the near term.""","Utility regulators, energy and sustainability staff, councils in ERCOT and PJM territory","""This analysis was completed in conjunction with the February Short-Term Energy Outlook (STEO). The results may differ slightly from the most recent forecasts published in the March STEO.""",18 September 2026
"Federal data, national labs and the grid","Federal government, national labs, grid reliability and energy data",,EIA launches pilot survey on energy use at data centers,U.S. Energy Information Administration,"March 25, 2026",Web page,https://www.eia.gov/pressroom/releases/press585.php,"Announces EIA's voluntary pilot field studies of data center energy use: web surveys in Texas and Washington state and in-person interviews in Northern Virginia and Washington, DC. It lists the topics the questionnaire covers. This matters to local officials because official, facility-level federal data on data center energy use is still being built.","""EIA identified 196 companies operating data centers across Texas, Washington state, and the Northern Virginia-DC region."" | ""The questionnaire will cover energy sources, electricity consumption, site characteristics, server metrics, and cooling systems.""",Analysts and planning staff who need to know what official data exists and what is coming,The pilots are described as voluntary.,18 September 2026
"Federal data, national labs and the grid","Federal government, national labs, grid reliability and energy data",,Annual Energy Outlook 2026,U.S. Energy Information Administration,date not printed on the page,Web page,https://www.eia.gov/outlooks/aeo/,"EIA's long-term U.S. energy projections to 2050. The landing page gives section summaries including Electricity, which names data center server energy use as a major factor in electricity growth. Detailed tables and cases are reached from this page.","""After 15 years of nearly flat U.S. electricity consumption, demand has increased by 2.1% per year, on average, over the last five years."" | ""We project electricity consumption will continue growing through 2050 at a rate of 0.9% to 1.6%, with data center server energy use a major factor."" | ""Energy use in commercial buildings, home to data center activity, grows more rapidly than in the residential or industrial sectors in all modeled cases.""","Analysts, long-range planners, utility regulators","Per EIA, AEO2026 in most cases considers laws and regulations only as of December 2025.",18 September 2026
"Federal data, national labs and the grid","Federal government, national labs, grid reliability and energy data",,Interconnection of Large Loads to the Interstate Transmission System (Docket No. RM26-4-000),Federal Energy Regulatory Commission (FERC),"undated docket page (docket opened after the Secretary of Energy's October 23, 2025 direction)",Docket,https://www.ferc.gov/rm26-4,"FERC's public page for the large-load interconnection rulemaking that DOE initiated under section 403. It explains what an ANOPR is, lists who may be interested (including communities affected by data center development), and sets out the DOE principles FERC sought comment on: faster studies for flexible loads, who pays for grid upgrades, partial retirement of existing plants to serve co-located load, and transition rules. It explains how to file comments and how FERC's Office of Public Participation can help.","""Communities affected by data center or transmission development"" | ""Whether large loads and co-located facilities should pay the full cost of any grid upgrades needed for their interconnection, and whether those costs should be credited back over time, and if so, over what period."" | ""An ANOPR is an early step in the rulemaking process that allows FERC to gather input before deciding whether to propose specific regulatory changes."" | ""The Office of Public Participation (OPP) supports meaningful public engagement in FERC proceedings and can help you navigate FERC processes and filings.""","City attorneys, utility regulators, council members who want to file comments, community engagement staff",,18 September 2026
"Federal data, national labs and the grid","Federal government, national labs, grid reliability and energy data",,FERC Launches Aggressive Targeted Action to Speed Large Load Integration,Federal Energy Regulatory Commission (FERC),"June 18, 2026",Web page,https://www.ferc.gov/news-events/news/ferc-launches-aggressive-targeted-action-speed-large-load-integration,"FERC issued show cause orders under Federal Power Act section 206 to all six FERC-jurisdictional grid operators (PJM, MISO, SPP, CAISO, ISO-NE, NYISO) on large-load tariffs. The release lists five reform categories, including cost-shifting protections, co-location and behind-the-meter generation, and service for flexible loads. It sets 60-day and 30-day deadlines and places the action in context of the December 2025 PJM co-location order and SPP's High Impact Large Load initiative.","""Preventing cost shifting and requiring transparency into transmission costs"" | ""Under the orders, each RTO/ISO, and its transmission owners have 60 days to either justify why their current tariffs remain just and reasonable without provisions tailored to large loads, or to file tariff changes that address the issues the Commission identified."" | ""Additionally, within 30 days, each grid operator and its transmission owners must submit a detailed informational report describing how the grid operator intends to ensure that adequate generation will be available to serve existing and new large loads."" | ""Commission staff reviewed more than 3,500 pages of public comments submitted in the large load interconnection docket and engaged extensively with stakeholders and federal partners, in developing today's action.""","Utility regulators, city attorneys, council members in RTO/ISO regions, economic development staff",,18 September 2026
"Federal data, national labs and the grid","Federal government, national labs, grid reliability and energy data",,FERC Directs Nation's Largest Grid Operator to Create New Rules to Embrace Innovation and Protect Consumers,Federal Energy Regulatory Commission (FERC),"December 18, 2025",Web page,https://www.ferc.gov/news-events/news/ferc-directs-nations-largest-grid-operator-create-new-rules-embrace-innovation-and,"Explains FERC's order in the PJM co-location proceeding. FERC found PJM's tariff unjust and unreasonable for lack of clear rules on data centers and other loads co-located with power plants, and directed PJM to offer defined transmission service options. It also ordered a report on faster generation additions, the reliability backstop, and load forecasting and demand flexibility. It traces the case back to FERC's February 2025 show cause order.","""Today, FERC directed grid operator PJM to establish transparent rules to facilitate service of AI-driven data centers and other large loads co-located with generating facilities."" | ""These rules will safeguard grid reliability and protect consumers in the mid-Atlantic territory, which serves over 67 million Americans in 13 states and D.C."" | ""In the order, the Commission finds PJM’s tariff unjust and unreasonable due to a lack of clarity and consistency in the rates, terms, and conditions that apply to interconnection customers serving co-located load and eligible customers taking transmission service on behalf of co-located loads."" | ""Enhanced load forecasting and demand flexibility measures to identify new capacity needed for system reliability.""",Officials in PJM states; utility regulators; anyone evaluating a data center paired with an existing or new power plant,,18 September 2026
"Federal data, national labs and the grid","Federal government, national labs, grid reliability and energy data",,"Summaries: July 2026 Commission Meeting (Item E-1, Computational Load Integration, Docket No. RD26-7-000)","Federal Energy Regulatory Commission (FERC), Office of External Affairs","July 16, 2026 (meeting date)",Web page,https://www.ferc.gov/news-events/news/summaries-july-2026-commission-meeting,"Item E-1 summarizes FERC's order directing NERC to write mandatory reliability standards for 'computational loads' (data centers) connecting to the bulk power system. It also directs NERC to revise its Rules of Procedure, including registration criteria for computational load entities. This is the first time data centers are being brought into the mandatory reliability standards framework.","""The order directs North American Electric Reliability Corporation (NERC), pursuant to section 215(d)(5) of the Federal Power Act, to develop and submit new or modified Reliability Standards addressing the reliability risks associated with the integration of computational loads into the Bulk-Power System."" | ""Both The Reliability Standards and Rules of Procedure revisions are due by December 31, 2026.""","Utility regulators, municipal utility staff, officials in communities hosting large data centers","""The summaries are produced by FERC’s Office of External Affairs and are intended to provide only a general synopsis of the orders. These summaries are not intended as a substitute for the Commission’s official orders.""",18 September 2026
"Federal data, national labs and the grid","Federal government, national labs, grid reliability and energy data",,Secretary Wright Acts to Unleash American Industry and Innovation with Newly Proposed Rules,U.S. Department of Energy,"October 23, 2025",Web page,https://www.energy.gov/articles/secretary-wright-acts-unleash-american-industry-and-innovation-newly-proposed-rules,"DOE's announcement that the Secretary of Energy directed FERC to start a rulemaking on interconnecting large loads, including data centers. It describes the proposal's main features: joint load-and-generation interconnection requests and shorter study times.","""Secretary Wright’s proposed rule allows customers to file joint, co-located load and generation interconnection requests."" | ""It will also significantly reduce study times and grid upgrade costs, while reducing the time needed for additional generation and power to come online.""","Utility regulators, city attorneys",,18 September 2026
"Federal data, national labs and the grid","Federal government, national labs, grid reliability and energy data",,Large Loads Action Plan,North American Electric Reliability Corporation (NERC),undated page; resources listed with modified dates through 08/26/2026,Web page,https://www.nerc.com/initiatives/large-loads-action-plan,"NERC's hub for its work on data centers and other emerging large loads. It gives background on the Large Loads Task Force (formed August 2024, now the Large Loads Working Group), quarterly action plan updates, and a resource list. The list includes a Large Loads FAQ, a Primer for Computational Loads, a Checklist for Computational Load Entities, a Characteristics and Risks white paper, a Gap Assessment, incident reviews of voltage-sensitive load reductions, and the July 16 FERC order. It also lists open comment periods and workshops.","""In addition to the rapid growth of emerging large loads, their electrical behavior can be distinctive and often less predictable than that of conventional loads."" | ""These unique characteristics pose risks to the BPS that need to be understood and managed."" | ""NERC’s Reliability and Security Technical Committee recently upgraded the Large Loads Task Force to a working group, now called the Large Loads Working Group (LLWG).""","Municipal utility engineers, utility regulators, emergency management staff",,18 September 2026
"Federal data, national labs and the grid","Federal government, national labs, grid reliability and energy data",,Long-Term Reliability Assessments (2025 Long-Term Reliability Assessment),North American Electric Reliability Corporation (NERC),2025 assessment; report file listed as modified 02/24/2026,Web page,https://www.nerc.com/our-work/assessments/long-term-reliability-assessments,"NERC's annual 10-year outlook of supply, demand and transmission adequacy across the U.S. and Canada. The 2025 edition's summary on this page says data centers account for most of the projected jump in summer peak demand. It flags concern that new resources are not keeping pace. The page also offers the infographic and a MISO sensitivity case.","""Summer peak demand is forecast to grow by 224 GW, a more than 69% increase over the 2024 LTRA forecast with new data centers for artificial intelligence and the digital economy accounting for most of the projected increase."" | ""Winter demand growth continues to outpace summer demand growth with 246 GW of growth forecast over the next 10 years, reflecting the evolution of electricity usage."" | ""Uncertainty and lag in the pace of new resource additions are driving heightened concerns that industry will not be able to keep up with rapidly increasing demand.""","Council members, emergency managers, utility regulators, municipal utilities",,18 September 2026
"Federal data, national labs and the grid","Federal government, national labs, grid reliability and energy data",,Department of Energy Releases Report on Evaluating U.S. Grid Reliability and Security,U.S. Department of Energy,"July 7, 2025",Web page,https://www.energy.gov/articles/department-energy-releases-report-evaluating-us-grid-reliability-and-security,"Summarizes DOE's resource adequacy report issued under the executive order on grid reliability. Highlights cover AI data center load growth, firm generation retirements, the projected rise in outage hours by 2030, and the gap between planned additions and firm capacity. It notes the method informs DOE's use of emergency authority under Federal Power Act section 202(c).","""Electricity demand from AI-driven data centers and advanced manufacturing is rising at a record pace."" | ""Modeling shows annual outage hours could increase from single digits today to more than 800 hours per year."" | ""The 104 GW of plant retirements are replaced by 209 GW of new generation by 2030; however, only 22 GW comes from firm baseload generation sources."" | ""The methodology also informs the potential use of DOE’s emergency authority under Section 202(c) of the Federal Power Act.""","Emergency managers, utility regulators, council members",,18 September 2026
"Federal data, national labs and the grid","Federal government, national labs, grid reliability and energy data",,Speed to Power Initiative,"U.S. Department of Energy, Office of Electricity","undated page (describes actions from July 7, 2025 through April 2, 2026)",Web page,https://www.energy.gov/speed-to-power,Describes DOE's effort to shorten timelines for large transmission and generation projects to serve AI and data center demand. It covers the fall 2025 request for information and the $1.9 billion SPARK funding opportunity for reconductoring and advanced transmission technologies. It is useful for utilities and local governments tracking federal grid money in their region.,"""On September 18, 2025, the Office of Electricity launched the Speed to Power initiative: a federal effort to dramatically accelerate development timelines for large-scale transmission and generation projects."" | ""On March 12, 2026, the DOE’s Office of Electricity announced an approximate $1.9 billion to catalyze electricity infrastructure investments through the Speed to Power through Accelerated Reconductoring and other Key Advanced Transmission Technology Upgrades (SPARK) funding opportunity.""","Municipal utilities, grants staff, utility regulators",,18 September 2026
"Federal data, national labs and the grid","Federal government, national labs, grid reliability and energy data",,DOE Announces Site Selection for AI Data Center and Energy Infrastructure Development on Federal Lands,U.S. Department of Energy,"July 24, 2025",Web page,https://www.energy.gov/articles/doe-announces-site-selection-ai-data-center-and-energy-infrastructure-development-federal,"Announces four DOE sites (Idaho National Laboratory, Oak Ridge Reservation, Paducah Gaseous Diffusion Plant, Savannah River Site) selected to invite private partners for AI data center and energy projects. It ties the selection to the executive order on data center permitting. It commits to consultation with states, local governments and tribes.","""DOE looks forward to working with data center developers, energy companies, and the broader public in consultation with states, local governments, and federally recognized tribes that these projects will serve to further advance this important initiative."" | ""DOE is also evaluating additional sites that could issue solicitations in the future.""",Officials in counties near DOE sites; economic development staff,,18 September 2026
"Federal data, national labs and the grid","Federal government, national labs, grid reliability and energy data",,Executive Order 14318: Accelerating Federal Permitting of Data Center Infrastructure,"The White House (published by the Office of the Federal Register via GovInfo, DCPD-202500788)","July 23, 2025 (published in the Federal Register July 28, 2025)",Web page,https://www.govinfo.gov/content/pkg/DCPD-202500788/html/DCPD-202500788.htm,"The full text of the executive order. It defines a 'Data Center Project' and 'Qualifying Project', and directs financial support for Qualifying Projects. It calls for NEPA categorical exclusions, FAST-41 treatment, and EPA streamlining under the Clean Air Act and Clean Water Act. It also directs reuse of brownfield and Superfund sites, programmatic Endangered Species Act consultation, a Corps nationwide permit review, and making federal land available.","""Data Center Project"" | ""For purposes of this order, Federal financial assistance representing less than 50 percent of total project costs shall be presumed not to constitute substantial Federal control and responsibility."" | ""The Administrator of the Environmental Protection Agency shall, consistent with the Environmental Protection Agency's statutory authorities, expeditiously identify Brownfield Sites and Superfund Sites for use by Qualifying Projects.""","City attorneys, planning directors, environmental staff","The order states it ""is not intended to, and does not, create any right or benefit, substantive or procedural, enforceable at law or in equity by any party against the United States"" (Sec. 10).",18 September 2026
"Federal data, national labs and the grid","Federal government, national labs, grid reliability and energy data",,Best Practices Guide for Energy-Efficient Data Center Design,"U.S. Department of Energy, Federal Energy Management Program (FEMP)","July 26, 2024",Web page with downloadable guide,https://www.energy.gov/cmei/femp/articles/best-practices-guide-energy-efficient-data-center-design,"A federal design guide covering IT systems and environmental conditions, air management, cooling and electrical systems, and heat recovery. It ends with metrics and benchmarking values for judging a data center's efficiency. Local officials can use it to ask applicants informed questions about efficiency commitments.","""IT system energy efficiency and environmental conditions are presented first because measures taken in these areas have a cascading effect of secondary energy savings for the mechanical and electrical systems."" | ""This guide concludes with a section on metrics and benchmarking values by which a data center and its systems' energy efficiency can be evaluated.""","Building officials, sustainability staff, planning staff reviewing site plans","""No design guide can offer 'the most energy-efficient' data center design, but these guidelines can provide efficiency benefits for a wide variety of data center scenarios."" (the page puts the phrase in double quotes)",18 September 2026
"Federal data, national labs and the grid","Federal government, national labs, grid reliability and energy data",,Center of Expertise for Data Center Energy,Lawrence Berkeley National Laboratory,undated,Web page,https://datacenters.lbl.gov/,"LBNL's DOE-funded data center energy center. It links the national energy usage reports, a Data Center Energy Toolkit, and research areas: power and cooling, grid planning and procurement, load flexibility and grid integration, U.S. energy and water modeling, facility performance modeling, and hardware benchmarking. It also features the 'Speed to Power' large-load report and a 2026 National Academy of Engineering BRIDGE issue on AI data centers.","""We partner with industry and electric utilities to accelerate AI infrastructure and drive innovative energy systems in data centers."" | ""Our comprehensive toolkit can be used sequentially to move from a basic understanding of how energy is used in data centers to identifying opportunities and implementing best practices.""","Sustainability and planning staff, municipal utility engineers",,18 September 2026
"Federal data, national labs and the grid","Federal government, national labs, grid reliability and energy data",,Speed to Power: Solutions for Accelerating Large Load Connections,"Lawrence Berkeley National Laboratory (Energy Analysis Division, Energy Markets and Planning)",06/2026,Report,https://eta.lbl.gov/publications/speed-power-solutions-accelerating,"Authors Fredrich Kahrl and Natalie Mims Frick review documents and literature to catalog solutions for large-load connection bottlenecks. The solutions are grouped into five functional areas: load forecasting, interconnection, resource planning and procurement, markets and operations, and cost allocation and ratemaking. It gives local and state officials a framework for the options utilities and regulators are using.","""Rapid growth in demand from data centers and other large loads is creating a range of new challenges for electricity planners, investors, system operators, and regulators, leading to bottlenecks that have slowed connection of large loads to the electric grid."" | ""Drawing on an extensive document and literature review, this report identifies more than 40 potential solutions for accelerating large load connections, organized into five functional areas: load forecasting, interconnection, resource planning and procurement, markets and operations, and cost allocation and ratemaking.""","Utility regulators, municipal utilities, council members negotiating with utilities",,18 September 2026
"Federal data, national labs and the grid","Federal government, national labs, grid reliability and energy data",,Electricity Rate Designs for Large Loads: Evolving Practices and Opportunities 2026 Update,Lawrence Berkeley National Laboratory (Energy Analysis Division),"2026 (Year of Publication; webinar recorded September 2, 2026)",Report,https://eta-publications.lbl.gov/publications/electricity-rate-designs-large-0,"Authors Natalie Mims Frick, Peter Cappers, Goksin Kavlak, Long Lam, Ryan Hledik, Jadon Grove and Sebastian Rotella review how utilities and regulators use large-load tariffs, rate structures and electric service agreements to manage data center risks. It updates similar January 2025 work and includes a spreadsheet appendix. This is the most direct federal-lab resource on protecting other ratepayers.","""While these large loads play an important role in advancing technology innovation and economic growth in the United States, meeting their energy needs requires utilities and regulators to consider important operational and financial risks, such as insufficient energy supply or underutilized investments, that can impact all customers."" | ""This paper builds on similar research published in January 2025, providing an overview of how utilities and regulators are managing these risks through different tariffs, including rate structures and electric service agreements.""","Utility regulators, municipal utility boards, council members, consumer advocates",,18 September 2026
"Federal data, national labs and the grid","Federal government, national labs, grid reliability and energy data",,2026 Large Load Literature Review and Data Sources,Lawrence Berkeley National Laboratory (Energy Analysis Division),"2026, updated monthly (September 2026 update)",Report,https://eta-publications.lbl.gov/publications/2026-large-load-literature-review,"A monthly-updated bibliography by Natalie Mims Frick and Vinita Srinivasan. It organizes 2026 publications on large loads into 12 themes: utility models and markets, interconnection, tariffs, demand flexibility, load forecasting, data center siting and infrastructure, reliability, policy options, generation, design and operations, rate impacts of data centers, and transmission and distribution. A companion Large Load Data Sources file is included.","""The Large Load Literature Review and Data Sources reports are updated monthly, summarizing reports and data published in 2026 that focus on large loads."" | ""The September update catalogs 41 publications focused on large loads, and groups the documents and resources thematically into 12 categories (listed below).""",Staff researchers building their own reading lists; library maintainers,,18 September 2026
"Federal data, national labs and the grid","Federal government, national labs, grid reliability and energy data",,The water use of data center workloads: A review and assessment of key determinants,"Lawrence Berkeley National Laboratory authors (Nuoa Lei, Jun Lu, Arman Shehabi, Eric R. Masanet); journal Resources, Conservation and Recycling (Elsevier)","2025 (Volume 219, article 108310)",Journal article,https://eta-publications.lbl.gov/publications/water-use-data-center-workloads,"Analyzes what drives water use per unit of computing work in data centers. The authors rank the factors: server efficiency, grid water consumption factors, server utilization, cooling system type, infrastructure efficiency, climate zone, inactive servers, and server refresh cycle. It shows why a single gallons-per-day figure for 'a data center' can mislead.","""Our findings reveal workload-level water use variations exceeding 10,000-fold, driven by over 1000-fold differences in water consumption per kilowatt hour of server electricity consumed and approximately 10-fold differences in server workload efficiency."" | ""Notably, there is no single recipe for minimizing water use; instead, optimal outcomes depend on tailored combinations of these factors.""","Water utility staff, planning staff reviewing water service requests, sustainability staff",,18 September 2026
"Federal data, national labs and the grid","Federal government, national labs, grid reliability and energy data",,DOE Data Center Load Flexibility Workshop Summary,Lawrence Berkeley National Laboratory for U.S. Department of Energy,"2025 (workshop held November 1, 2024)",Report,https://eta-publications.lbl.gov/publications/doe-data-center-load-flexibility,"Summarizes a DOE workshop at LBNL on data center energy demand and grid impacts. Participants from industry and regulators discussed demand flexibility options such as load shifting and on-site energy, and the barriers to them. It explains what 'flexible' data center commitments mean in practice.","""Forty-nine participants, including industry and regulatory experts, explored demand flexibility strategies like load shifting and on-site energy solutions."" | ""While opportunities exist, barriers such as regulatory complexity and high costs remain.""","Utility regulators, municipal utilities, officials evaluating 'flexible load' claims",,18 September 2026
"Federal data, national labs and the grid","Federal government, national labs, grid reliability and energy data",,Chip-to-Grid Data Center Initiative,"National Laboratory of the Rockies (NLR, formerly the National Renewable Energy Laboratory)","Last Updated Feb. 27, 2026",Web page,https://www.nlr.gov/computational-science/chip-to-grid-data-center-initiative,"Describes NLR's program covering data center siting, design, power, cooling, local support and efficient operation, from chips to transmission and generation. It names the challenges data centers pose to local grids, and strategies such as predictive AI load models, workload scheduling and demand response. It links to DOE's FEMP best practices guide and NLR's ARIES test platform.","""The geographic distribution of data centers creates localized grid stress, and their high power densities necessitate significant cooling."" | ""Additionally, the lack of data transparency and difficulties in load forecasting present challenges to energy infrastructure.""","Municipal utilities, sustainability staff",,18 September 2026
"Federal data, national labs and the grid","Federal government, national labs, grid reliability and energy data",,"Data Center Infrastructure in the United States, November 2025","National Laboratory of the Rockies (Billy Roberts, Strategic Energy Analysis Center)",2025 (map as of November 2025; NLR Publication NREL/OT-6A20-98020),Map,https://research-hub.nlr.gov/en/publications/data-center-infrastructure-in-the-united-states-november-2025/,"A national lab map showing where data centers sit relative to transmission lines, fiber optic networks and metro areas. Local officials can use it to see how their jurisdiction relates to the infrastructure developers look for.","""This map illustrates the geospatial relationships between data center locations, transmission infrastructure, fiber optic networks, and metropolitan areas as of November 2025.""","Planning and GIS staff, economic development staff",,18 September 2026
"Federal data, national labs and the grid","Federal government, national labs, grid reliability and energy data",,Data Centers Gap Analysis,"National Laboratory of the Rockies (Ellie Estreich, Luke Lavin, Ilya Chernyakhovskiy; Grid Planning and Analysis Center)",2026 (NLR/PR-6A40-97168),Presentation,https://research-hub.nlr.gov/en/publications/data-centers-gap-analysis/,A 41-page NLR slide deck reviewing literature on ways to integrate large loads quickly. It lays out options for data and modeling projects that would support a planned siting and decision-making tool for data centers.,"""Power system planners, utilities, regulators, and other stakeholders are grappling with how to integrate data centers on the system without comprising reliability, resiliency, and energy affordability."" | ""This slide deck supports the same workstream by reviewing the literature to identify mitigation options to facilitate near-term integration of large loads and by presenting options for pursuing data development and/or modeling projects to improve representation of siting options.""","Utility planners, regulators, analysts",,18 September 2026
"Industry, markets and technical explainers",Standards body / national lab framework,,PNNL/ASHRAE/NEMA AI Data Center Energy Performance Framework,ASHRAE with Pacific Northwest National Laboratory (PNNL) and NEMA,undated,Web framework,https://www.ashrae.org/technical-resources/ai-data-center-framework,"Created by PNNL, ASHRAE and NEMA after an industry survey, the framework covers planning and siting, integrated design, energy and thermal efficiency, grid-interactive design (demand flexibility), resilient design, commissioning, operations and maintenance, and retrofit. It states it covers energy sourcing, energy use and water use. The Site Planning page lists impacts and recommended practices, including early engagement with utilities, regulators and local stakeholders, and notes environmental factors such as water availability, noise and visual impacts. The framework states it does not set mandatory requirements or supersede codes.","""provides opportunities to lessen impacts on communities surrounding data center developments"" | ""What this framework does not do is establish mandatory requirements""",Planners and economic development staff preparing siting criteria or pre-application questions for large AI data centers.,Voluntary guidance written with industry partners; ASHRAE and NEMA represent engineering and manufacturing interests. The Tools page notes many industry tools are proprietary. No publication date shown.,18 September 2026
"Federal data, national labs and the grid","Federal government, national labs, grid reliability and energy data",,Colocating Artificial Intelligence Data Centers with Energy Infrastructure on Federal Public Lands: A Science Synthesis and Spatial Analysis to Inform Decision Making (SIR 2026-5035),"U.S. Geological Survey, with the Bureau of Land Management","First posted July 22, 2026",Report,https://pubs.usgs.gov/publication/sir20265035/full,"A USGS science synthesis of 71 publications plus a spatial analysis of Alaska and 11 western states. It covers data center types, energy supply and transmission, cooling and water use (direct and indirect, including 'blowdown' wastewater), extreme weather, and permitting timelines. It maps 771 AI data centers and more than 3,300 power plants against BLM lands, with a plain language summary and glossary.","""Permitting and regulatory reviews can take 18–24 months, and coordination across other energy development projects can cause delays."" | ""Developers need to consider current and potential future water supplies before building new centers."" | ""This water has to be treated by local wastewater facilities, adding additional strain to municipal wastewater systems."" | ""About 38 percent of BLM lands in the study area were within 10 miles of high-voltage transmission infrastructure.""","Water and wastewater utility staff, western county officials, planning staff","""This report does not provide a comprehensive ecological, regulatory, land suitability, or permitting analysis."" Also: ""some of the statistics used in this report may be outdated and fail to reflect current consumption levels.""",18 September 2026
"Federal data, national labs and the grid","Federal government, national labs, grid reliability and energy data",,Clean Air Act Resources for Data Centers,U.S. Environmental Protection Agency,"Last updated on September 14, 2026",Web page,https://www.epa.gov/stationary-sources-air-pollution/clean-air-act-resources-data-centers,"EPA's hub on air rules for data center power: turbine and engine standards (NSPS, NESHAP), nonroad engines, New Source Review and Title V guidance, and air quality modeling. It explains that state and local air agencies issue most data center air permits. A 2026 alert explains how backup generator hours run under DOE 202(c) emergency orders are treated. It lists EPA news actions and a data centers team contact.","""State and local air agencies issue most air permits for data centers, under programs approved as meeting minimum requirements established by the CAA and EPA regulations."" | ""Stationary combustion turbines and stationary engines – common sources of primary and backup power for data centers – are subject to various new source performance standards (NSPS) for certain air emissions and national emission standards for hazardous air pollutants (NESHAP)."" | ""the EPA considers operation under such emergency orders as operation in an emergency situation, so there is no limit on use of the emergency stationary engines during the period of the emergency.""","Environmental and air quality staff, planning staff, residents' liaisons on generator noise and emissions",,18 September 2026
"Federal data, national labs and the grid","Federal government, national labs, grid reliability and energy data",,"EPA Issues Clarification to Help Power Data Centers, Ensure U.S. Is the AI Capital of the World",U.S. Environmental Protection Agency,"May 1, 2025",Web page,https://www.epa.gov/newsreleases/epa-issues-clarification-help-power-data-centers-ensure-us-ai-capital-world,Announces EPA's interpretation of the engine (RICE NESHAP) rules allowing certain backup engines to run a limited number of non-emergency hours for grid support under a financial arrangement. It responds to a Duke Energy request about its PowerShare Mandatory 50 program. This explains why data center diesel generators may run outside true emergencies.,"""EPA has determined that certain engines can operate for up to 50 hours per year in non-emergency conditions to supply power for our nation’s grid and maintain reliable service as part of a financial arrangement with another entity."" | ""On January 15, 2025, Duke Energy submitted a request to the agency for interpretation that their PowerShare Mandatory 50 demand program meets the criteria for operation of stationary emergency engines under existing EPA regulations, and EPA’s regulatory interpretation confirmed that Duke Energy’s program meets the criteria.""","Air quality staff, planners writing generator conditions, residents' liaisons",,18 September 2026
"Federal data, national labs and the grid","Federal government, national labs, grid reliability and energy data",,Data Centers and Their Energy Consumption: Frequently Asked Questions (R48646),Congressional Research Service (Library of Congress),05/12/2026 (Publication Date shown on Congress.gov),Report,https://www.congress.gov/crs-product/R48646,"A nonpartisan FAQ by Lawson, Offutt, Ortiz and Zhu. Questions cover what a data center is and how federal law defines one, energy requirements and equipment, cooling methods and water concerns, and whether federal rules cover data center energy use. It also covers electricity price effects and affordability options, available energy-use reports, and federal information-collection procedures.","""U.S. data center annual energy use in 2023 (not accounting for cryptocurrency) was approximately 176 terawatt-hours (TWh), approximately 4.4% of U.S. annual electricity consumption that year"" | ""Utility regulators at the state or local level approve rates that reflect a utility's cost for these components.""","Council members, city managers, communications staff; a strong first read",,18 September 2026
"Federal data, national labs and the grid","Federal government, national labs, grid reliability and energy data",,Data Centers and the Electricity Grid: Frequently Asked Questions (R49326),Congressional Research Service (Library of Congress),09/01/2026 (Publication Date shown on Congress.gov),Report,https://www.congress.gov/crs-product/R49326,"A September 2026 FAQ by Lawson, Offutt and Parfomak. Questions cover how data centers get power, grid regulation, projected demand, preferred generation types, federal permitting, interconnection, flexibility, grid benefits and electricity prices. It also asks where growth is happening and whether data centers can cause blackouts, and reviews federal, state and congressional actions. Figures show RTO/ISO regions and standalone data center electricity use by state in 2024 and projected for 2030. It ends with a list of related CRS reports.","""Data centers do not appear to have caused blackouts to date."" | ""Estimates of existing data center power demand vary, in part because comprehensive consumption statistics are not available."" | ""To date, data centers have generally secured power from their local electric utilities, utilizing existing transmission and distribution infrastructure (i.e., the grid).""","Council members, utility regulators, state and local government affairs staff","""This report is intended as an introduction to data center electricity issues and does not provide in-depth coverage of all data-center- and electric-grid-related issues.""",18 September 2026
"Federal data, national labs and the grid","Federal government, national labs, grid reliability and energy data",,Data Centers and Water: Frequently Asked Questions (R49057),Congressional Research Service (Library of Congress),07/31/2026 (Publication Date shown on Congress.gov),Report,https://www.congress.gov/crs-product/R49057,"A water-focused FAQ by Carter, Clark, Folger, Gatz, Humphreys, Normand and Stern. It covers how data centers use water and options to reduce it, water sources, what drives demand, and whether operators pay public water systems and at what price. It explains why local water authorities and states decide availability and whether federal reservoirs supply data centers. It also covers available water-use data and the federal role in assessing effects on water resources.","""Currently, most operators of data centers acquire water from municipal water systems, commonly referred to as public water systems."" | ""Congress has generally deferred to the states' primacy in intrastate water allocation."" | ""Such agreements may include provisions that limit the disclosure of this information."" | ""Different water systems use different rate structures, and the water rates charged by public water systems are not generally publicly available.""","Water utility directors, city attorneys, council members approving water service agreements",,18 September 2026
"Federal data, national labs and the grid","Federal government, national labs, grid reliability and energy data",,Data Center Energy Infrastructure: Federal Permit Requirements (R48762),Congressional Research Service (Library of Congress),12/12/2025 (Publication Date shown on Congress.gov),Report,https://www.congress.gov/crs-product/R48762,"Explains which federal permits and reviews may apply to energy infrastructure serving data centers: grid connections, on-site and backup generation, gas pipelines, carbon sequestration, and off-site power plants. It names FERC, NRC and the Army Corps of Engineers roles. It also distinguishes those federal roles from the state and local siting jurisdiction that governs the data center building itself.","""Notwithstanding their energy intensity, individual data centers have a discrete footprint, typically falling under state and local siting jurisdiction."" | ""Some federal approvals may still apply."" | ""Specific types of electricity generation may require permits directly from the Federal Energy Regulatory Commission (FERC), the Nuclear Regulatory Commission (NRC), or the U.S. Army Corps of Engineers (Corps).""","City attorneys, planning directors, permitting staff",,18 September 2026
"Federal data, national labs and the grid","Federal government, national labs, grid reliability and energy data",,Artificial Intelligence: Generative AI's Environmental and Human Effects (GAO-25-107172),U.S. Government Accountability Office,"Published: Apr 22, 2025. Publicly Released: Apr 22, 2025.",Report,https://www.gao.gov/products/gao-25-107172,"A GAO technology assessment of generative AI's environmental effects (energy, water, emissions) and human effects, with policy options. On environment, it finds companies generally do not report energy and water details and water estimates are limited. It cites the IEA for U.S. data center electricity shares. It is the main GAO product on this topic; no separate GAO report dedicated to data center energy or water was found.","""Generative AI uses significant energy and water resources, but companies are generally not reporting details of these uses."" | ""Estimates of water consumption by generative AI are limited."" | ""According to the International Energy Agency, U.S. data center electricity consumption was approximately 4 percent of U.S. electricity demand in 2022 and could be 6 percent of demand in 2026.""",Council members and staff asking what is and is not publicly disclosed about data center resource use,"""definitive statements about these risks and challenges are difficult to make because generative AI is rapidly evolving, and private developers do not disclose some key technical information.""",18 September 2026
"Federal data, national labs and the grid","Federal government, national labs, grid reliability and energy data",,Powering Intelligence 2026: Updated Scenarios of U.S. Data Center Electricity Use and Power Strategies (Executive Summary),Electric Power Research Institute (EPRI),"Last updated: February 25, 2026",Report,https://powering-intelligence.epri.com/executive-summary.html,"EPRI's 2026 update gives Low, Medium and High scenarios of state-level data center capacity, peak load and annual energy through 2030, built from project development data. It compares results with LBNL's shipment-based estimates and models generation build-outs under current policy versus 24/7 carbon-free procurement. It recommends better load forecasting, fuller use of existing grid assets, and collaboration with communities. It names states where data centers could exceed 20% of electricity by 2030.","""EPRI projects data centers to consume 9% to 17% of U.S. electricity by 2030, up from 4% to 5% today."" | ""Today, Virginia is the only state where data centers consume over 20% of electricity; this share could increase to 39% to 57% by 2030."" | ""The analysis shows that announced nominal MW for data center projects should be treated as a pipeline indicator rather than a near-term peak forecast, as non-IT loads, ramp-up, load shapes, onsite energy assets, and load flexibility materially impact peak effects.""","Council members, planners, utility regulators, economic development staff comparing announced megawatts with real load","""Note that a shortcoming of the estimation approach used in this paper is that it relies heavily on public announcements of projects."" Also: ""These scenarios were designed to reflect uncertainty about the realization of planned projects and are not necessarily equally likely.""",18 September 2026
"Federal data, national labs and the grid","Federal government, national labs, grid reliability and energy data",,State-Level Data Center Power Data (Powering Intelligence 2026 Data Dashboard),Electric Power Research Institute (EPRI),undated (part of Powering Intelligence 2026),Dataset,https://powering-intelligence.epri.com/dashboard/,"An interactive dashboard of estimated historical and projected data center nominal capacity, peak load and annual energy for each state through 2030 under EPRI's three scenarios. Users can select a state, filter by scenario and year, and download data. It gives local officials a sourced state-level number to use instead of national averages.","""This dashboard shows estimated historical and projected energy and capacity metrics for data centers in each U.S. state through 2030."" | ""Data can be downloaded for the selected state and all states.""","Planning analysts, economic development staff, utility regulators","Scenario estimates, per EPRI's executive summary, rely heavily on public project announcements.",18 September 2026
"Federal data, national labs and the grid","Federal government, national labs, grid reliability and energy data",,Powering Intelligence: Analyzing Artificial Intelligence and Data Center Energy Consumption,Electric Power Research Institute (EPRI),date not printed on the page,Report,https://esca.epri.com/products/3002028905/,The product summary frames data centers as one of the fastest-growing industries and names generative AI adoption as the key uncertainty for U.S. load growth. Its projections are superseded by Powering Intelligence 2026.,"""In the United States, the national outlook could resemble the global outlook, but is highly uncertain."" | ""One key uncertainty that could change the trajectory of data center load growth is the use of generative AI models.""",Analysts tracing how projections have changed,,18 September 2026
"Federal data, national labs and the grid","Federal government, national labs, grid reliability and energy data",,Energy and AI,International Energy Agency (IEA),date not printed on the page,Report,https://www.iea.org/reports/energy-and-ai/executive-summary,"The IEA special report on AI and energy, based on a new global model and dataset. The executive summary covers global and U.S. data center electricity use, projections to 2030 and 2035 with sensitivity cases, and which power sources meet demand. It also covers grid integration risks and flexibility options, AI uses in the energy sector, supply chain and security issues, and emissions.","""Data centre electricity consumption is set to more than double to around 945 TWh by 2030."" | ""In the United States, data centres account for nearly half of electricity demand growth between now and 2030."" | ""Nearly half of data centre capacity in the United States is in five regional clusters."" | ""Electricity grids are already under strain in many places: we estimate that unless these risks are addressed, around 20% of planned data centre projects could be at risk of delays.""",All audiences needing the international context; council members and planners,"The report's section heading states: ""There are large uncertainties in the outlook for AI-related electricity demand""; it notes ""By 2035, the range of data centre electricity demand across our cases spans from 700 to 1 700 TWh.""",18 September 2026
"Federal data, national labs and the grid","Federal government, national labs, grid reliability and energy data",,Energy and AI Observatory,International Energy Agency (IEA),Last updated 16 Jun 2025,Dataset,https://www.iea.org/data-and-statistics/data-tools/energy-and-ai-observatory,IEA's data platform companion to the Energy and AI report. It has 'Energy for AI' and 'AI for energy' sections and is meant to be updated regularly with data from IEA partners.,"""The IEA’s Energy and AI Observatory provides up-to-date data and analysis on the growing links between the energy sector and artificial intelligence (AI).""",Analysts and staff who need charts and data for presentations,,18 September 2026
"State policy, incentives and utility rates",State policy and legislation,Virginia,Data Centers in Virginia,"Joint Legislative Audit and Review Commission (JLARC), Virginia General Assembly","December 9, 2024 (per Virginia legislative document listing RD206); landing page undated",Web summary with links to full report,https://jlarc.virginia.gov/landing-2024-data-centers-in-virginia.asp,"JLARC reviewed the data center industry in Virginia at the Commission's 2023 direction. The summary finds that economic benefits come mostly from construction, that local governments with data centers collect substantial business personal property and real property tax revenue, and that an independent forecast shows unconstrained power demand in Virginia doubling within 10 years with data centers as the main driver. It finds data centers currently pay their full cost of service, but that growing demand is likely to raise costs for other customers, and it describes stranded cost risk for utilities and electric co-ops. It addresses backup diesel generator emissions, water use, homes near data centers, and low frequency noise, and lays out options to extend, let expire, or make partial the state sales and use tax exemption scheduled to expire in 2035. Recommendations include letting utilities delay but not deny service, a Dominion stranded cost plan filed with the SCC, and express local authority to require water use estimates, sound modeling studies and maximum sound levels.","""the data center industry is estimated to contribute 74,000 jobs, $5.5 billion in labor income, and $9.1 billion in GDP to Virginia's economy annually"" | ""For the five localities with relatively mature data center markets, data center revenue ranged from less than 1 percent to 31 percent of total local revenue."" | ""A typical residential customer of Dominion Energy could experience generation- and transmission-related costs increasing by an estimated $14 to $37 monthly in constant (or real) dollars by 2040"" | ""One-third of data centers are currently located near residential areas"" | ""providing $928 million in tax savings in FY23""","Local elected officials, planning and zoning staff, finance directors and economic development staff weighing data center proposals, and state legislators considering incentives or ratepayer rules.","The report notes that state and customer actions such as demand response and efficiency ""would have only a marginal impact on decreasing data center energy demand,"" and its forecasts depend on scenario assumptions about unconstrained and half-of-unconstrained demand. Findings are specific to Virginia.",18 September 2026
"State policy, incentives and utility rates",Utility rates and ratepayer protection,,Extracting Profits from the Public: How Utility Ratepayers Are Paying for Big Tech's Power,"Harvard Law School Environmental and Energy Law Program, Electricity Law Initiative (Eliza Martin and Ari Peskoe)","March 5, 2025",Research paper,https://eelp.law.harvard.edu/extracting-profits-from-the-public-how-utility-ratepayers-are-paying-for-big-techs-power/,"The summary page describes a paper by Eliza Martin and Ari Peskoe on how utilities serving new data centers for Amazon, Google, Meta, Microsoft and others expand their systems with new power plants and transmission lines, which utilities profit from building. It explains that regulated rates socialize a utility's costs among ratepayers and argues that the same structures now make the public pay for infrastructure built for a few large corporations. The authors reviewed regulatory proceedings on data center rates, describe how rate structures and secret contracts between utilities and data centers could transfer costs to the public, and offer recommendations to limit hidden subsidies. They also question whether utility regulators should be the ones deciding whether to subsidize data centers.","""The authors reviewed nearly 50 regulatory proceedings about utility rates for data centers."" | ""the paper explains how rate structures, as well as secret contracts between utilities and data centers, could be transferring Big Tech's energy costs to the public"" | ""It also provides recommendations to limit hidden subsidies in utility rates.""","Local officials and residents who intervene in or comment on utility rate cases, municipal utility boards, and anyone asking whether a data center deal will raise household bills.",none stated on the summary page (the full PDF was not read for this entry),18 September 2026
"State policy, incentives and utility rates",State policy and legislation,,Data center moratoriums are not a substitute for oversight,"Brookings Institution, TechTank (Nicol Turner Lee and Darrell M. West)","July 28, 2026",Web article,https://www.brookings.edu/articles/data-center-moratoriums-are-not-a-substitute-for-oversight/,"The article tracks the spread of moratoriums on data center construction, noting New York became the first state to impose one by executive order, pausing state environmental permits for data centers of at least 50 megawatts for up to one year, and that Maine's legislature passed a permitting bar that the governor vetoed. It notes a federal bill from Sen. Sanders and Rep. Ocasio-Cortez to pause AI data centers over 20 megawatts. It summarizes motivating concerns (electricity rates, water, air quality, noise, light) and the Memphis xAI dispute, and argues that moratoriums should be used for community benefit agreements, reporting requirements, town halls and state ratepayer protections, citing the Ratepayer Protection Act that advanced in the U.S. House.","""At least 15 states have weighed pauses on data center development, and at least 100 localities have already approved their own."" | ""New York recently became the first state to impose a moratorium through executive order, pausing state environmental permits for data centers using at least 50 megawatts of power for up to one year"" | ""officials and legislators at the state level need to implement protections for ratepayers whose electricity bills may be affected by surrounding developments"" | ""If enacted, moratoriums should provide time for raising questions, advancing community benefit agreements, and finding reciprocity in the infrastructure needs of host cities.""","Council members and commissioners considering a local pause, and staff designing what work a moratorium period should accomplish.","The authors note that impact estimates ""vary greatly since analysts lack access to proprietary company data on data center construction and operations."" The article's Table 1 of state moratoriums did not render as text and was not read.",18 September 2026
"State policy, incentives and utility rates",State policy and legislation,,Why data centers are a top issue in the 2026 midterms,"Brookings Institution, TechTank (Nicol Turner Lee and Darrell M. West)","August 25, 2026",Web article,https://www.brookings.edu/articles/why-data-centers-are-a-top-issue-in-the-2026-midterms/,"The article describes candidates in both parties campaigning against data centers, citing the Ohio Senate race, the Texas governor's race, and Pennsylvania Gov. Shapiro's executive order placing new rules on data center authorization. It compares a September 2025 Heatmap poll showing an even split with a 2026 Reuters/Ipsos survey showing majority opposition to rapid buildout, and ties the backlash to affordability and electricity bills. It argues that midterm outcomes could drive more moratoriums, pauses and audits like New York's.","""Forty-four percent supported their construction, while 42% opposed them."" | ""Seventy-seven percent say they worry data centers will increase their electricity rates, and in classic NIMBY ... fashion, only 14% say they would be willing to live close to a data center."" | ""He recently signed an executive order imposing new rules on the authorization of data centers""",Elected officials and communications staff gauging public sentiment before hearings or votes on data center projects.,none stated; poll figures are reported secondhand from Heatmap and Reuters/Ipsos,18 September 2026
"State policy, incentives and utility rates",Utility rates and ratepayer protection,Ohio,PUCO orders AEP Ohio to create data center specific tariff,Public Utilities Commission of Ohio (PUCO),"July 9, 2025",Regulator news release,https://puco.ohio.gov/news/puco-orders-aep-ohio-to-create-data-center-specific-tariff,"The release announces the PUCO order in case 24-508-EL-ATA adopting a settlement reached by AEP Ohio, PUCO staff, the Ohio Consumers' Counsel and others. It recognizes unprecedented load growth requiring major transmission construction and states the settlement protects non-data center customers from the cost-shifting risk of underused investments. It orders AEP Ohio to file updated tariffs and lift its moratorium on connecting new data centers, and gives the case history, including a competing settlement filed by Microsoft, the Data Center Coalition, Amazon Data Services, Google and others.","""the settlement safeguards other non-data center customers from cost-shifting risks of underused investments made to serve Ohio's growing data center industry"" | ""AEP Ohio is ordered to file updated tariffs and lift its moratorium on connecting new data centers as soon as possible."" | ""On May 14, 2024 AEP Ohio filed an application requesting new tariffs related to data center customers.""","Local officials in utility service territories facing data center load, and consumer advocates tracking how settlements are structured.",none stated,18 September 2026
"State policy, incentives and utility rates",Utility rates and ratepayer protection,Ohio,Data Center Tariff,AEP Ohio,"undated (describes a tariff effective July 23, 2025, with a February 2026 update)",Utility web page,https://www.aepohio.com/company/about/rates/data-center-tariff/,"The page states that PUCO adopted the Data Center Tariff settlement on July 9, 2025 and the tariff took effect July 23, 2025. It explains the mandatory application process, tiered load study fees for projects of 25,000 kW or more, a load ramp of up to four years, contract terms of the ramp plus eight years, collateral requirements for customers without strong credit, minimum demand charges, capacity assignment rules, aggregation of affiliated loads, behind-the-meter generation rules, and exit fees. It also notes the next study tranche begins October 1, 2026.","""The Letter of Agreement (LOA) requires customers to reimburse AEP Ohio 100% of the buildout costs if the customer cancels"" | ""the minimum demand cannot exceed 85% of the total contract capacity"" | ""must provide a guarantee or collateral at the time of signing the contract equal to 50% of the total minimum charges for the full term of the contract"" | ""The initial term of the contract will equal the load ramp period (no greater than four years) plus eight years.""","Local officials, economic developers and municipal utility staff who want to see concrete tariff terms that make a data center carry its own grid costs.",Utility-authored summary; the page says the full terms are in Schedule DCT itself.,18 September 2026
"State policy, incentives and utility rates",Utility rates and ratepayer protection,Georgia,PSC Approves Rule to Allow New Power Usage Terms for Data Centers,Georgia Public Service Commission,"January 23, 2025",PDF news release,https://psc.ga.gov/site/assets/files/8617/media_advisory_data_centers_rule_1-23-2025.pdf,"The release says the Georgia PSC unanimously approved a Georgia Power rule letting it bill new large customers under terms beyond standard rates. It ties the rule to the interim Integrated Resource Plan decision in docket 55378. Data centers would pay for upstream generation, transmission and distribution costs as construction progresses, contracts can run longer, minimum billing applies, and contracts at the 100 MW level go to the PSC for review. Commissioners say the rule is one of several actions and that data center usage will be addressed further in the 2025 Integrated Resource Plan.","""The new rule also allows for longer contract lengths (from 5-year contracts to 15-year contracts) and minimum billing requirements for high-load customers."" | ""any new Georgia Power contract with a company that fits the 100 MW usage category must be submitted to the PSC for review"" | ""data centers will need to bear the cost of their electricity acquisition""",Officials in states with investor-owned utilities who want a short example of a regulator-approved ratepayer protection rule.,none stated,18 September 2026
"State policy, incentives and utility rates",Utility rates and ratepayer protection,Virginia,"In Biennial Review Ruling, SCC Creates New Class for Large-Scale Energy Users",Virginia State Corporation Commission (SCC),"November 25, 2025",Regulator news release,https://www.scc.virginia.gov/about-the-scc/newsreleases/release/scc-issues-order-on-dev-biennial-review-2025/scc-rules-in-dev-biennial-review-case.html,"The release covers the SCC final order in Dominion Energy's 2025 biennial review, case PUR-2025-00058. It creates a GS-5 rate class for customers of 25 megawatts or more, effective January 1, 2027, with minimum payment obligations to insulate other ratepayers from build-out costs. It also cuts Dominion's requested base rate increases, sets the typical residential monthly increase, and sets the authorized return on equity at 9.8%.","""the new GS-5 rate class will comprise customers demanding 25 megawatts or more"" | ""certain large-scale customers will be required to pay a minimum of 85% of contracted distribution and transmission demand, and 60% of generation demand"" | ""For a typical residential customer, the approved rates would mean monthly increases of $11.24 in 2026""",Officials in data center markets and anyone comparing how state regulators build a separate rate class for very large users.,none stated,18 September 2026
"State policy, incentives and utility rates",State policy and legislation,Texas,"Bill Analysis, S.B. 6 (Enrolled)","Texas Senate Research Center, via Texas Legislature Online",8/5/2025,Official bill analysis,https://capitol.texas.gov/tlodocs/89R/analysis/html/SB00006F.htm,"The analysis explains SB 6's four goals: allocating transmission costs properly, grid reliability protections, credible load forecasting, and requiring large loads to share load shed obligations. Section 2 adds Utilities Code Sec. 37.0561 requiring PUC standards for interconnecting large loads, including a 75 MW default threshold, disclosure of duplicate requests elsewhere in Texas, disclosure of backup generation, a minimum study fee, proof of site control and financial commitments. Section 4 adds Sec. 39.169 on co-locating large loads with existing generation, subject to ERCOT study and PUC approval, and Sec. 39.170 requiring curtailment equipment for new transmission-voltage loads and a demand reduction service for loads of 75 MW or more. Section 6 directs the PUC to reevaluate the four coincident peak transmission cost method and amend rules by December 31, 2026.","""ERCOT estimates additional load growth between 130-150 Gigawatts (GWs) by 2030. This amount is almost double ERCOT's peak load of 86 GWs in 2024."" | ""Requires the PUC to establish a demand threshold of 75 megawatts unless the PUC determines that a lower threshold is necessary"" | ""a flat study fee of at least $100,000"" | ""requiring customers to be held harmless for stranded or underutilized transmission assets resulting from the behind-the-meter operation"" | ""not later than December 31, 2026, to amend PUC rules to ensure that wholesale transmission charges appropriately assign costs for transmission investment""",Officials in Texas and in other states considering statewide large-load interconnection standards; municipal utility and electric co-op boards (Sec. 37.0561(l) preserves their authority to add requirements).,Senate Research Center analyses summarize but are not the enrolled bill text itself.,18 September 2026
"State policy, incentives and utility rates",Missouri and Kansas,Missouri,Utility Tariffs for Large Load Customers in Missouri,Missouri Public Service Commission,undated (web page; also offered as a PDF fact sheet),Regulator web page / fact sheet,https://psc.mo.gov/General/Utility_Tariffs_for_Large_Load_Customers,"The page explains that Missouri Senate Bill 4 of 2025 required the PSC to adopt rates for large load customers, including data centers, that reflect their costs and keep other customers from unjust or unreasonable costs. It states that Ameren Missouri and Evergy have approved large-load tariffs and that the Liberty Utilities case (ET-2026-0184) is in progress. It lists the protections adopted: minimum service contracts, financial security and collateral, exit and early termination fees, a minimum monthly bill, cost stabilization recovery, and optional renewable and carbon-free programs at the customer's expense.","""provide collateral in the amount of two years of minimum monthly bills"" | ""a monthly demand charge set at 80% of the agreed upon rate""","Kansas City area and other Missouri local officials evaluating data center proposals in Ameren, Evergy or Liberty territory.",none stated,18 September 2026
"State policy, incentives and utility rates",Missouri and Kansas,Missouri,"Missouri passes new rules, costs for data centers and large power users","Kansas Reflector (Morgan Chilson), via News From The States","Nov 14, 2025",News article,https://www.newsfromthestates.com/article/missouri-passes-new-rules-costs-data-centers-and-large-power-users,"The article reports that the Missouri PSC approved Evergy's large-load tariff, supported by most parties but opposed by PSC staff and the Office of Public Counsel, whose alternative the chair called too complex. It notes large-load users are defined at 75 megawatts, paralleling the Kansas Corporation Commission order approved Nov. 6, where a large-user tariff was unanimously agreed to by all intervenors. Commissioners and Evergy describe the tariff as making large users bear infrastructure costs, with a premium rate higher than existing commercial and industrial customers pay.","""Large-load users were defined in the order as those requiring 75 megawatts per month at peak times, a parallel to the Kansas order approved Nov. 6 by the Kansas Corporation Commission."" | ""Missouri Public Service Commission staff and the Missouri Office of Public Counsel ... did not support the order."" | ""The rate for these new large customers is higher than that paid by existing commercial and industrial customers.""",Kansas City metro officials on both sides of the state line.,News coverage; the underlying orders are the primary documents.,18 September 2026
"State policy, incentives and utility rates",Missouri and Kansas,Kansas,KCC approves large load rate plan with consumer protections,Kansas Corporation Commission (KCC),"November 6, 2025",Regulator news release,https://www.kcc.ks.gov/news-11-6-25,"The release announces KCC approval of a unanimous settlement creating Evergy's Large Load Power Service (LLPS) plan for new or expanding customers of 75 MW or more, such as data centers and large manufacturers. Parties included KCC staff, the Citizens Utility Ratepayer Board, Kansas Industrial Consumers, the Data Center Coalition, Google, Evergy, Sierra Club, NRDC and several school districts. It sets a 12-year minimum contract plus up to 5 years of ramp, a minimum bill at 80% of contract demand, collateral of two years of minimum bills, and an exit fee equal to remaining minimum bills. Upgrades needed solely for the new customer are directly assigned to it, while transmission network upgrades are directed by the Southwest Power Pool under FERC.","""Customers on the plan will pay a minimum monthly bill based on 80% of their contract demand, regardless of actual usage."" | ""The contract term will be a minimum of 12 years, plus an optional load ramp period of up to 5 years"" | ""any system upgrades that are necessary solely to serve the new/expanded customers will be directly assigned to the new/expanded customer"" | ""Efforts were also made to design a plan that was competitive with other Large Load Tariffs throughout the country""","Kansas City metro and other Kansas local officials, school districts and ratepayer advocates in Evergy territory.",none stated,18 September 2026
"State policy, incentives and utility rates",Missouri and Kansas,Missouri,"Senate Substitute No. 2 for Senate Bill No. 4, 103rd General Assembly 2025 (Truly Agreed To and Finally Passed)",Missouri Senate,"2025 (First Regular Session, 103rd General Assembly)",PDF enacted bill text,https://www.senate.mo.gov/25info/pdf-bill/tat/SB4.pdf,"SB 4 repeals and re-enacts dozens of utility statutes, enacting thirty-two new sections relating to utilities. In the section immediately preceding 393.135 (subsection 7, on pages 40 to 41 of the PDF), it requires each electrical corporation serving more than 250,000 customers to submit tariff schedules for customers projected to have an annual peak demand of 100 megawatts or more, designed so those customers pay their representative share of costs and other classes are protected from unjust or unreasonable costs. Utilities with 250,000 or fewer customers must do the same at 50 megawatts, and the commission may order similar tariffs for smaller loads. Section 393.135 also allows construction work in progress for new natural gas generating units to be placed in rate base under limits. This is the statute that led to the Evergy and Ameren large-load tariffs described by the Missouri PSC.","""applicable to customers who are reasonably projected to have above an annual peak demand of one hundred megawatts or more"" | ""prevent other customer classes' rates from reflecting any unjust or unreasonable costs arising from service to such customers""","Missouri city and county attorneys and officials who need the statutory basis for large-load protections, and legislators in other states drafting similar language.",Long omnibus bill; only the large-load tariff provision and the construction work in progress provision were read for this entry.,18 September 2026
"State policy, incentives and utility rates",Tax incentives,,"Cloudy Data, Costly Deals: How Poorly States Disclose Data Center Subsidies",Good Jobs First,undated on page (report PDF is stored in the site's November 2025 uploads folder; cites sources accessed October and November 2025),Research report,https://goodjobsfirst.org/cloudy-data-costly-deals-how-poorly-states-disclose-data-center-subsidies/,"The study finds that at least 36 states have subsidies crafted for data centers, mostly sales and use tax exemptions, but only 11 disclose recipients (Table 1) while 24 do not (Table 2, which lists Missouri among non-disclosing states and notes Kansas's program is too new to assess). It examines disclosure of parent companies, subsidy amounts, jobs promised and created, wages, capital investment, locations and facility type, and highlights Indiana, Illinois, Nevada, Ohio and Washington as partial models. It computes subsidy cost per permanent job where data allow, describes double standards in North Carolina, Iowa and Virginia, and recommends eliminating data center subsidies or, short of that, sunsetting or reforming them with full disclosure of recipients, parent companies, amounts, jobs, wages and street addresses.","""At least 36 states have economic development subsidies specifically crafted for data center projects, but only 11 disclose which companies receive them"" | ""Not one state reports on both jobs promised and jobs actually created"" | ""they lose between 52 and 70 cents for every dollar they spend on data center sales tax exemptions"" | ""Illinois spends on average of $1.4 million per job at subsidized data centers."" | ""(Already, the legislatures of Georgia and Ohio voted to sunset, but their governors vetoed both bills.)""","Local finance directors, economic development staff and elected officials asked to layer local abatements on top of state exemptions, and anyone seeking to verify job promises.","The report says it focuses on state-level sales and use tax exemptions; the companion Stateline summary notes it does not account for local property tax abatements, corporate income tax credits, or discounts on electricity and water rates.",18 September 2026
"State policy, incentives and utility rates",Tax incentives,,Cloudy with a Loss of Spending Control: How Data Centers Are Endangering State Budgets,Good Jobs First (Kasia Tarczynska),April 2025,Research report,https://goodjobsfirst.org/cloudy-with-a-loss-of-spending-control-how-data-centers-are-endangering-state-budgets/,"The report examines state-level tax incentive programs crafted for data centers in 32 states, finding that 12 do not disclose even aggregate revenue losses. It lists what the exemptions typically cover (construction materials, servers and replacements, generators, cooling and more) and notes that state certification usually includes the local share of sales tax, effectively preempting local sales tax authority. Table 1 ranks the ten programs costing over $100 million a year. It describes reform efforts in Georgia, Washington and Virginia, argues that data center exemptions meet the GASB Statement No. 77 definition of tax abatement that governments using GAAP should disclose, and recommends canceling, capping or pausing the programs with robust disclosure.","""At least 10 states already lose more than $100 million per year in tax revenue to data centers"" | ""in the space of just 23 months, Texas revised its FY 2025 cost projection from $130 million to $1 billion"" | ""states effectively preempt local sales tax authority on data centers"" | ""in 2025, Georgia localities involuntarily lost $136 million to data center subsidies"" | ""every local government which uses GAAP accounting and which foregoes income to data centers, should be disclosing those revenue losses in a note in their Annual Comprehensive Financial Report, as prescribed by GASB Statement 77""","Local finance officers and auditors (for the GASB 77 point), and officials whose local sales tax share is swept into a state exemption.","The report says it ""looks only at state- level programs specifically crafted for the industry"" and treats electricity rate discounts, local property tax abatements and dedicated infrastructure as beyond its scope.",18 September 2026
"State policy, incentives and utility rates",Tax incentives,,"Many states don't report losses from data center tax breaks, study says",Stateline (Kevin Hardy),"April 15, 2026",News article,https://stateline.org/2026/04/15/many-states-dont-report-losses-from-data-center-tax-breaks-study-says/,"The article reports a new Good Jobs First finding that 14 states, including Missouri, do not disclose how much revenue they lose to data center tax breaks, while Georgia, Virginia and Texas report losses of $1 billion or more a year. It cites NCSL's count of states offering dedicated data center incentives and Good Jobs First's view that nondisclosure conflicts with Governmental Accounting Standards Board standards. It also notes Maine lawmakers' approval of a moratorium on data centers larger than 20 megawatts through November 2027, then pending before the governor.","""14 states do not disclose how much revenue they lose to data center tax breaks"" | ""report losing $1 billion or more per year to data center incentives"" | ""Currently, 38 states offer dedicated tax incentives for data centers, according to the National Conference of State Legislatures."" | ""Maine lawmakers this week approved a moratorium on data centers larger than 20 megawatts""","Missouri and other officials in non-disclosing states, and local budget staff tracking the cost of state incentives.",Part of this note was removed because a number in it could not be matched to the source page.,18 September 2026
"State policy, incentives and utility rates",Utility rates and ratepayer protection,,"With electricity bills rising, some states consider new data center laws",Stateline (Kevin Hardy),"February 5, 2026",News article,https://stateline.org/2026/02/05/with-electricity-bills-rising-some-states-consider-new-data-center-laws/,"It includes the Data Center Coalition's objection to rate structures that single out data centers, comments from mayors at the U.S. Conference of Mayors, and PJM's new data center plan. It is useful for seeing how states of both parties are approaching ratepayer protection.","""Republican and Democratic leaders in at least a dozen states have targeted data centers with separate, higher electric rates to protect other customers."" | ""Oregon last year became one of the first states to enact a law requiring utilities to charge data centers different electric prices than other industries"" | ""His bill would prohibit utilities from passing along the fuel, generation or transmission costs of data centers to other customers."" | ""Proposed regulations would require certain preapproval analysis for heavy power users, a separate rate tariff for data centers and collateral""","Local officials who want a quick national picture of how states are handling data center electricity costs, including mayors weighing recruitment against bill impacts.","News roundup of bills, many of which were pending at publication; outcomes should be checked against each state's legislature.",18 September 2026
"State policy, incentives and utility rates",Utility rates and ratepayer protection,,Electricity Rate Designs for Large Loads: Evolving Practices and Opportunities 2026 Update,Lawrence Berkeley National Laboratory (Natalie Mims Frick and Peter Cappers) and The Brattle Group,August 2026,Technical brief,https://eta-publications.lbl.gov/sites/default/files/2026-08/rate_designs_large_loads_2026.08.10.pdf,"The brief updates January 2025 research by analyzing a sample of 55 large-load tariffs drawn mainly from Halcyon's Large Load Tariff Tracker as of March 2026. It sorts tariff design elements into established, stable, emerging and declining practices (Table 4), covering minimum demand thresholds, minimum contract duration, monthly demand charges, minimum billing demand, load ramp periods, study and load forecast requirements, collateral, exit fees, direct assignment of costs and hold harmless provisions. Each element includes real examples, including AEP Ohio's Schedule DCT, Dominion's Schedule GS-5, Georgia Power, Evergy Missouri's Large Load Power Service, Salt River Project and Colorado Springs Utilities. It is written as a foundation for regulators, utilities, customers and stakeholders reviewing large-load tariffs.","""While thresholds vary widely, ranging from 0.3 MW to 150 MW, the majority (75%) of the tariffs fall between 5 and 100 MW, with a median of 25 MW."" | ""the median increasing from 5 years for tariffs proposed before 2025 to 12 years for tariffs proposed since 2025"" | ""Minimum billing demands are typically defined as a percentage of the customer's contract demand, with a median of 80% across the tariffs reviewed."" | ""Evergy Missouri's Large Load Power Service has a 75 MW minimum load requirement.""","Municipal utility boards, public power and co-op officials, and local governments that intervene in state rate cases and want to benchmark a proposed tariff.","The authors state the sample excludes most special contracts, transmission service agreements and line extension policies, and was drawn primarily from one tracker supplemented through April 2026. Quotes are from the full report PDF linked from the Berkeley Lab publication page.",18 September 2026
"State policy, incentives and utility rates",Utility rates and ratepayer protection,,DELTa: Database of Emerging Large-Load Tariffs,Smart Electric Power Alliance (SEPA) and NC Clean Energy Technology Center (NCCETC),undated (database updated quarterly per the page),Interactive map and downloadable database,https://sepapower.org/large-load-tariffs-database/,"The page describes DELTa as the first public, user-friendly database of contemporary utility tariffs and service rules for large loads such as data centers, with an interactive map, case summaries of approved and proposed tariffs, and a way to compare utility approaches. It states that SEPA and NCCETC track state regulatory activity and update it quarterly. Each included tariff targets objectives such as transparency and customer protection, customer commitments before utility investment, peak load management and clean energy, and size or operational thresholds.","""Explore this first-of-a-kind comprehensive map of over 100 large-load utility tariffs and service rules"" | ""NCCETC and SEPA regularly track state regulatory and policy activity and update DELTa quarterly.""",Local officials who want to look up whether their own utility has a proposed or approved large-load tariff and compare it with others.,"Downloading the full database requires submitting a name, email and company through a form.",18 September 2026
"State policy, incentives and utility rates",Utility rates and ratepayer protection,Oregon,POWER Act Biennial Report 2026: Oregon PUC Report to the Oregon Legislature,Oregon Public Utility Commission,"2026 (no day printed; cites events through August 11, 2026)",PDF legislative report,https://www.oregon.gov/puc/forms/Forms%20and%20Reports/2026%20POWER%20Act%20Legislative%20Report.pdf,"The report explains that the POWER Act directs the PUC to create a separate rate class and tariff schedule for data centers using 20 MW or more, directly assign their costs, mitigate cost shifting, and require contracts of 10 years or longer. It describes implementation through docket UM 2377 for Portland General Electric, approved in Order No. 26-239 on July 10, 2026, and docket UE 463 for Pacific Power, expected in late 2026. It reports measured rate changes after the PGE order, estimates the data center share of investor-owned utility load now and in 2030, and notes the PUC lacks visibility into data centers served by consumer-owned utilities and BPA. It also records municipal moratoriums in Hillsboro and Salem and 45-day notices by Woodburn and Clackamas County, plus FERC's June 2026 show cause orders on large-load interconnection.","""PGE customers have experienced an average decrease in electricity rates of 1.3 percent for residential customers, 2.1 percent decrease for commercial customers, and 1.4 percent decrease for industrial customers. Data centers within PGE's territory have seen an average rate increase of 29 percent."" | ""The PUC estimates that data center load comprises roughly 15 percent of the IOUs' current load, and will continue to grow, reaching 25 percent of IOU load by 2030."" | ""Oregon is the first in the nation to create a specific data center customer classification for electricity rate schedules."" | ""the Commission decided on a 10-year minimum contract length that scales up depending upon the anticipated electricity demands of the facility"" | ""Hillsboro was the first City in Oregon to enact a moratorium on new data center development applications.""",Officials in any state considering a statutory data center rate class; this is one of the few documents reporting actual bill outcomes after such a law.,"The report states ""The PUC lacks visibility into data center impacts outside of IOU service territories"" and that the Pacific Power decision was not yet final.",18 September 2026
"State policy, incentives and utility rates",Utility rates and ratepayer protection,Maryland,"Maryland Office of People's Counsel Response to the Commission's Request for Comments, Administrative Docket PC 72 (Large Load Customer Regulations and Tariffs Interconnecting to the Electric System Servicing Maryland)","Maryland Office of People's Counsel (David S. Lapp, People's Counsel)","August 10, 2026",PDF regulatory filing,https://opc.maryland.gov/Portals/0/Files/Publications/Others/20260810%20-%20OPC%20Comments%20-%20PC72.pdf,"The filing responds to the Maryland PSC's July 13, 2026 request for comments in docket PC 72. It summarizes large-load provisions of the 2025 Next Generation Energy Act as amended by the 2026 Utility RELIEF Act, and explains how PJM's proposed Reliability Backstop Procurement (FERC Docket ER26-3380) would assign 15 years of capacity costs to Maryland utility zones based on forecasted, not actual, data center demand. OPC estimates the potential cost to residential customers in the Potomac Edison and BGE zones and recommends that the PSC require large-load tariffs making data centers either commit to pay those costs by October 21, 2026 or provide load flexibility, and that it review utility Large Load Adjustments before they go to PJM. It cites Amazon abandoning a planned Calvert Cliffs data center as an example of forecast risk.","""OPC estimates that PJM's proposed methodology, if the RBP capacity is procured at the maximum price of $555/MW-day, exposes PE and BGE residential customers to as much as $483.2 million and $79.6 million in additional costs, respectively, over the next 15 years."" | ""The Utility RELIEF Act directs the Commission to take the actions necessary to prevent Maryland ratepayers from bearing costs and risk attributable to the development of new large load customers."" | ""Those LLA submissions can include data centers that may decide to abandon their project without making a commitment to fully cover the costs they cause.""","Officials in PJM states (including Maryland, Virginia, Ohio, Pennsylvania, New Jersey and Illinois) who want to understand how regional capacity markets pass data center costs to households even without local projects.","An advocacy filing by one party in a pending docket; the cost figures are OPC estimates under a maximum-price assumption and the filing notes they ""could be reduced based on opt-out or offset adjustments.""",18 September 2026
"State policy, incentives and utility rates",State policy and legislation,New York,Executive Order No. 62: Establishing a Temporary Moratorium on Data Centers in New York While the State Develops Higher Standards for Data Center Development and Benefits Blueprint to Support Localities,Office of the Governor of New York (Gov. Kathy Hochul),"July 14, 2026 (""this fourteenth day of July in the year two thousand twenty-six"")",Executive order,https://www.governor.ny.gov/executive-order/no-62-establishing-temporary-moratorium-data-centers-new-york-while-state-develops,"The order directs the Department of Public Service, in Case 26-E-0045 on large-load interconnection reforms, to prepare a Generic Environmental Impact Statement under SEQRA on data center energy, water, air, noise and disadvantaged community impacts. Until that report is done, DEC must hold in abeyance discretionary permit applications for new or expanded data centers not yet deemed complete; the order says this does not apply to local government permits. It directs Empire State Development to post a Community Investment Framework within 60 days to help localities and IDAs negotiate community investment funds, infrastructure, labor standards, local hiring and transparency. It also directs DPS to consider a New York Grid Acceleration Fund with upfront data center contributions, form a Data Center Interconnection Working Group on beneficiary-pays cost allocation, and directs DEC to report on water withdrawal rules within twelve months. Data centers are defined as facilities that consume or can consume 50 megawatts or more, with exclusions for manufacturing, research, education and medical uses.","""as of May 2026, nearly 12 gigawatts (12,000 megawatts) of data center load requests are in the New York Independent System Operator interconnection queue"" | ""it is the policy of New York State that the cost of electric system upgrades required to provide electric utility service to large loads should not be paid for by every-day New Yorkers"" | ""This provision does not apply to permits, approvals, licenses, or similar forms of permission from local governments."" | ""Creation and maintenance of a community investment fund into which data center developers or operators provide capital that can be used for energy affordability efforts and enhancements to public services"" | ""consume or can consume 50 megawatts of energy or more""","Local officials anywhere who want a model of a state pause that also equips host communities to negotiate benefits, and New York localities and IDAs specifically.",The order text read here does not set a fixed end date; the pause lasts until DPS submits its final GEIS report and findings statement.,18 September 2026
"State policy, incentives and utility rates",State policy and legislation,Pennsylvania,Governor Shapiro Signs Executive Order on Data Center Development in PA,Office of the Governor of Pennsylvania,"August 18, 2026",Press release describing Executive Order,https://www.pa.gov/governor/newsroom/2026-press-releases/governor-shapiro-signs-executive-order-on-data-center-developmen,"The release describes Executive Order 2026-05, which directs the Department of Environmental Protection to review data center permit applications only where developers sign a Consent Order and Agreement committing to the Governor's Responsible Infrastructure Development (GRID) Requirements, and not to issue any permit until all local approvals are secured. The GRID Requirements cover paying the full cost of new generation, transmission and distribution, early community engagement, local hiring and community benefit agreements, and environmental and water standards. The order also removes data centers from the PA Permit Fast Track Program, bars nondisclosure agreements, requires annual energy and water reporting, conditions the Computer Data Center Equipment sales and use tax exemption on GRID compliance, directs DCED to publish municipal best practices on zoning and community benefit agreements, and tasks the Special Counsel for Energy Affordability with PUC reforms such as curtailing data centers first when the grid is stressed.","""DEP will not issue any permit unless the project has received all required local approvals"" | ""Pay the full cost of new electricity generation, transmission, distribution, and other infrastructure needed to power their project without shifting costs to Pennsylvania households and businesses"" | ""Applicants who do not meet the GRID Requirements will not receive the existing tax exemption."" | ""with over 100 projects reported in publicly sourced databases, and 58 projects engaged with DEP to discuss permitting at some level of formality"" | ""The use of nondisclosure agreements with data center projects is not permissible.""","Township supervisors, borough councils and county officials, since the order makes local approval a precondition for state permits and promises DCED zoning and community benefit agreement guidance.",This is the Governor's press release; the release says the General Assembly has not codified the GRID Requirements in law.,18 September 2026
"State policy, incentives and utility rates",Utility rates and ratepayer protection,Indiana,Indiana regulators approve 'large load' interconnection rules,Utility Dive (Ethan Howland),"Feb. 20, 2025",Trade news article,https://www.utilitydive.com/news/indiana-iurc-large-load-interconnection-data-center-aep-amazon-google/740452/,"The article reports that on Feb. 19, 2025 the IURC approved a settlement among Indiana Michigan Power, the Indiana Office of Utility Consumer Counselor, Citizens Action Coalition, Amazon Data Services, Google, Microsoft and the Data Center Coalition that amends I&M's industrial tariff for large new loads. The terms apply to new or expanded facilities of at least 70 MW, or 150 MW aggregated across a company, and defer cost allocation methodology to future proceedings. The IURC added a requirement that large planned reductions in contracted capacity come to the commission for approval. It gives context on the Amazon, Google and Microsoft projects driving I&M's load forecast.","""It applies to new or expanded facilities with contract capacity of at least 70 MW or 150 MW aggregated across a company."" | ""I&M expects peak load in Indiana will jump to more than 7,000 MW by 2030 from 2,800 MW"" | ""the IURC ordered that any planned reduction of more than 20% of a large load customer's contracted peak capacity must be submitted to the agency for its review and approval"" | ""The agreement defers cost allocation issues to future proceedings, such as a tracker filing or rate case""",Indiana local officials and others in AEP territories; a useful example of a settlement that included the state consumer counselor and a citizens group.,Trade press summary; the IURC order is the primary document. The article notes cost allocation was left to later proceedings.,18 September 2026
"State policy, incentives and utility rates",Missouri and Kansas,Kansas,Data Center Sales Tax Exemption Program (SB98) Program Guidelines,Kansas Department of Commerce,date not printed on the page,PDF program guidelines,https://www.kansascommerce.gov/wp-content/uploads/2025/11/Data-Center-Sales-Tax-Exemption-Program-Guidelines_20251124_FINAL.pdf,"The guidelines explain that SB 98 creates a 20-year state and local sales tax exemption for qualified data centers covering construction, equipment, eligible site costs and installation labor. Eligibility requires at least $250 million of investment within five years of operations, 20 new full-time Kansas jobs at the site within two years, a ten-year electricity purchase agreement with the certificated utility, a water conservation and reuse plan, fiber connectivity, and review by the Kansas Intelligence Fusion Center. Qualified data centers cannot also receive discounted economic development electricity rates. Sections 5 to 7 cover the application, the binding Incentive Agreement, Department of Commerce compliance reviews including a mandatory five-year review, reporting to the Statewide Incentive Transparency Database under K.S.A. 74-50,226, and clawbacks.","""Qualified firms making a minimum investment of $250 million and creating at least 20 new Kansas jobs within the statutory timelines may receive exemption from sales tax"" | ""Each applicant must enter into a ten-year (10) electricity purchase agreement with the utility certified to provide retail electric service at the project location."" | ""Qualified data centers are ineligible for discounted economic development electricity rates offered to other types of projects."" | ""Sensitive project information submitted to Commerce or KIFC is protected from public disclosure through 2030 (unless required for transparency reporting)"" | ""Applicants are not precluded from other state and local tax incentives""","Kansas city and county officials, since the exemption includes the local sales tax share and projects may also seek local incentives.","Agency guidelines interpreting the statute; the document says to ""See SB98 for a complete list of qualifying equipment.""",18 September 2026
"State policy, incentives and utility rates",Missouri and Kansas,Missouri,"RSMo Section 144.810: Data storage centers, exemption from sales and use tax",Missouri Revisor of Statutes (Missouri General Assembly),"Effective 28 Aug 2018 (enacted L. 2015 S.B. 149, amended 2018 S.B. 975 & 1024)",State statute,https://revisor.mo.gov/main/OneSection.aspx?section=144.810,"Subsection 1 defines data storage centers by NAICS codes 518210 and 519130 and sets thresholds: new facilities need at least $25 million of investment within 36 months and ten new jobs paying at least 150 percent of the county average wage; expanding facilities need $5 million and five new jobs. Subsection 2 grants new projects up to fifteen years of a 100 percent exemption from state and local sales and use taxes on utilities (electricity, gas, water, telecom and internet), machinery, equipment, computers and construction materials, capped at the projected ten-year net fiscal benefit to the state as calculated by the Department of Economic Development. Subsection 4 gives expanding facilities up to ten years on incremental utilities and equipment. Subsection 6 requires an agreement with repayment penalties for noncompliance, subsection 8 calls for random audits, and subsection 9 bars recipients from business recruitment tax credits.","""an exemption of one hundred percent of the state and local sales and use taxes"" | ""All electrical energy, gas, water, and other utilities including telecommunication and internet services used in a new data storage center"" | ""The amount of any exemption provided under this subsection shall not exceed the projected net fiscal benefit to the state over a period of ten years"" | ""The new facility project investment is at least twenty-five million dollars"" | ""the project taxpayers shall enter into an agreement with the department of economic development providing for repayment penalties""","Missouri city and county finance officers, because the exemption covers local sales and use taxes, including taxes on the data center's utility purchases.",The statute text does not itself require public disclosure of recipients; Good Jobs First lists Missouri among states that do not disclose.,18 September 2026
"State policy, incentives and utility rates",Missouri and Kansas,Missouri,Data center backlash unites some Missouri and Kansas towns against lawmakers and big tech,KCUR / Midwest Newsroom (Holly Edgell),"September 2, 2026",News article,https://www.kcur.org/housing-development-section/2026-09-02/data-center-backlash-missouri-kansas,"The article traces local fights from Peculiar, Missouri (which rejected a 500-acre data center rezoning in October 2024) to Festus, St. Charles (which passed a one-year moratorium on new applications in August 2026), Tonganoxie and Leavenworth County in Kansas, Otoe County, Nebraska, and Linn County and Palo, Iowa. It discusses nondisclosure agreements and public trust, the mostly short-term nature of data center jobs, and state-level actions: Nebraska Gov. Jim Pillen's August executive order rescinding data center tax incentives, Illinois Gov. JB Pritzker halting data center incentives, the Illinois POWER Act that did not pass, and Missouri Gov. Mike Kehoe's continued support for data center investment.","""In August 2026, the St. Charles City Council unanimously passed a one-year moratorium on new data center applications."" | ""In August, Nebraska Gov. Jim Pillen, a Republican, signed an executive order that rescinds a package of tax incentives for data centers."" | ""Illinois' Democratic Gov. JB Pritzker recently halted tax incentives for data centers, a reversal from legislation he signed in 2019."" | ""According to Pew, 67% of planned data centers are in rural areas, while 87% of existing data centers are in urban ones.""","Kansas City region officials and rural county leaders facing a first data center proposal, especially where nondisclosure agreements are in play.","News reporting; state actions are described secondhand. The article says Nebraska's order came ""In August,"" but the Nebraska Governor's own release is dated July 21, 2026.",18 September 2026
"State policy, incentives and utility rates",Tax incentives,Nebraska,Gov. Pillen Signs Executive Order on Data Centers,"Office of Governor Jim Pillen, Nebraska","July 21, 2026",Press release,https://governor.nebraska.gov/gov-pillen-signs-executive-order-data-centers,"The release announces Executive Order 26-17, which prohibits approval of data center applications under the ImagiNE Nebraska Act, requires the Departments of Economic Development, Revenue, and Water, Energy and Environment to jointly review data center proposals for the state's best interest, and creates a task force on protecting natural resources that will work with Natural Resources Districts and help county officials with zoning tools. It notes 2026 legislation LB1261 allowing large industrial users to build their own behind-the-meter power to protect ratepayers, and quotes Sen. Mike Jacobson on planned legislation.","""Governor Jim Pillen signed an executive order ending access to tax incentives provided through the state's ImagiNE Nebraska Act for data centers"" | ""This is not a moratorium on data centers"" | ""Another aspect will be making sure that county officials have the necessary tools for zoning and other activities."" | ""Tax incentive programs should not return or waive the very revenue that could support our counties, cities, schools, and other political subdivisions""","County and city officials in states reconsidering incentives, and rural officials who want an example of a state pairing incentive withdrawal with zoning support.",Press release; the full text of Executive Order No. 26-17 is linked but was not read for this entry.,18 September 2026
"State policy, incentives and utility rates",Tax incentives,Illinois,Gov. Pritzker Pauses New Data Center Tax Incentives,Office of the Governor of Illinois (State of Illinois Newsroom),"June 5, 2026",Press release with policy framework,https://gov-pritzker-newsroom.prezly.com/gov-pritzker-pauses-new-data-center-tax-incentives,"The release directs the Department of Commerce and Economic Opportunity to pause processing Data Center Investment Program agreements starting July 1, 2026, while honoring existing agreements. It sets out the Governor's framework: a separate data center rate class with grid and water costs assigned to it, efficiency standards, interruptible service for data centers that do not self-supply clean energy, requirements to generate or pay for new clean energy, comprehensive water permits, clean air protections with cumulative impact review, and transparency measures including a ban on nondisclosure agreements with local governments, public notice of permits, regular energy and water reporting, and mandatory community benefits agreements.","""directing the Illinois Department of Commerce and Economic Opportunity (DCEO) to pause processing agreements for the Data Center Investment Program starting July 1"" | ""Create a rate class for data centers and establish data center electricity rates."" | ""Ban nondisclosure agreements between data centers and local governments."" | ""Require data centers to enter into community benefits agreements with the communities where they locate"" | ""In PJM, the electric grid that serves 67 million people across 13 states including Illinois, demand from data centers has already raised costs by $13 billion""","Illinois municipal officials and anyone drafting local policy on nondisclosure agreements, community benefits agreements and public notice.",The framework items are proposals the release asks the General Assembly to enact; only the incentive pause is an executive action.,18 September 2026
"State policy, incentives and utility rates",State policy and legislation,Minnesota,"Data centers see changes in environmental and energy regulations, tax provisions","Minnesota House of Representatives, Public Information Services (New Laws)","2025 (law took effect June 15, 2025, except where noted; 2025 Special Session Chapter 12)",Official plain-language summary of an enacted law,https://www.house.mn.gov/NewLaws/story/2025/5641,"The summary explains 2025 Special Session Chapter 12 (HF 16). It defines a qualified large-scale data center (at least 25,000 square feet and $250 million of investment within 60 months), routes new state permits through DEED's Minnesota Business First Stop, and adds special permit conditions for consumptive water use over 100 million gallons per year. It directs the PUC to create a very large customer class, approve each electric service agreement, and ensure no costs or stranded costs fall on other customers, and requires a voluntary clean energy and capacity tariff. It sets annual fees by peak demand that fund low-income utility programs, extends the sales tax exemption to 35 years for qualified data centers, removes the electricity exemption under a separate 2025 tax law, and adds prevailing wage and green building certification requirements with repayment if unmet.","""the commission must ensure that no costs attributable to very large customers are paid by other utility customers, who may also not be charged for any stranded costs"" | ""If an applicant's proposed consumptive water use exceeds 100 million gallons per year, the company will be subject to special permit conditions."" | ""100 to 250 megawatts, $2 million"" | ""The fee revenue must be used only for utility programs benefiting low-income households."" | ""qualified data centers are no longer exempt from paying sales and use taxes on electricity""","Local officials and legislators looking for a single statute that combines ratepayer protection, water permitting, labor standards and a dedicated fee for low-income energy assistance.","A summary prepared by House staff; the session law itself (Minnesota Session Laws 2025, 1st Special Session, Chapter 12) is the controlling text.",18 September 2026
"State policy, incentives and utility rates",Tax incentives,Georgia,Georgia Senate votes to end tax breaks for new data centers,"The Current (Alander Rocha, Georgia Recorder)","March 7, 2026",News article,https://thecurrentga.org/2026/03/07/georgia-senate-votes-to-end-tax-breaks-for-new-data-centers/,"The article reports the Georgia Senate's 32-21 passage of Senate Bill 410, sponsored by Sen. Matt Brass, which would phase out tax breaks for new data centers and computer equipment ahead of their original expiration and write the PSC's existing large-load rule into law. It covers Sen. Chuck Hufstetler's objection that his SB 34, which would have barred passing data center costs to other customers, was weakened, and criticism from Georgia PIRG and Senate Democrats that redacted Georgia Power contracts leave ratepayers exposed if forecast data center load does not materialize.","""Senate Bill 410, sponsored by Newnan Republican Sen. Matt Brass, passed Friday with a 32-21 vote."" | ""The bill would phase out tax breaks for new data center developments and computer equipment ahead of the original expiration dates."" | ""Residential and small business customers could still be on the hook for billions of dollars in data center energy costs.""","Officials following how state incentive repeal and ratepayer protection get bundled, and the gap between regulator rules and statute.",Reports a Senate vote only; the bill's final outcome in the House and with the Governor was not verified for this entry.,18 September 2026
"State policy, incentives and utility rates",State policy and legislation,,Data Centers: Legislative Trends,"National Conference of State Legislatures (Alex McWard, Senior Policy Specialist), as posted by the Montana Legislative Fiscal Division",May 2026 (per file name; slides undated),PDF presentation slides,https://static.legmt.gov/Divisions/LFD/Committees/MARA/NCSL-Data-Centers-Legislative-Trends-May2026.pdf,"The slides report that states considered more than 150 bills in 2026 on data center energy consumption and map states with introduced and enacted legislation. They list key enacted large-load tariff laws (Maryland SB 937 of 2025, Oregon HB 3546 of 2025, Minnesota HF 16 of 2025, Utah SB 132 of 2025, Idaho HB 911 of 2026), energy and water reporting bills (including Nebraska LB 1010, enacted 2026, and New Jersey SB 4293, vetoed 2025), and demand management laws (Virginia HB 284 of 2026, Texas SB 6 of 2025, West Virginia HB 2014 of 2025). They map the 38 states offering data center tax incentives, note that Massachusetts and Kansas adopted new incentives in 2025, and flag 2026 repeal proposals such as Georgia SB 410 and Connecticut SB 245 (failed).","""So far in 2026, states have considered more than 150 pieces of legislation addressing the energy consumption of data centers"" | ""State definitions of large loads range from 20 MW to 100 MW."" | ""38 States Offer Data Center Tax Incentives"" | ""up to 1,500 during construction, and approx. 10 - 20 permanent positions"" | ""Incentive cost: Data centers use available incentives, and in some states the cost exceeds $1 billion annually.""","Anyone who needs a quick list of named state bills to look up, and legislators comparing their state to national trends.",Presentation slides without narrative; bill statuses are as of the slide date. This copy was read from the Montana Legislature's website because ncsl.org returned server errors during this research session.,18 September 2026
"State policy, incentives and utility rates",State policy and legislation,Utah,"S.B. 132 Electric Utility Amendments (Enrolled Copy), 2025 General Session, State of Utah",Utah State Legislature,2025 General Session,PDF enrolled bill,https://le.utah.gov/Session/2025/bills/enrolled/SB0132.pdf,"SB 132 enacts Utah Code Title 54, Chapter 26, Large-Scale Electric Service Requirements. Section 54-26-101 defines a large-scale service request as new or added service expected to reach 100 megawatts within five years, and defines closed private generation systems and connected generation systems that can serve large load customers. Section 54-26-102 exempts service under a large-scale service request from ordinary rate regulation and tariff filing requirements. Section 54-26-201 lists what a large-scale request must include, such as load profile and proof of financial capability, and Section 54-26-401 gives the qualified utility the sole right to serve large loads in its territory while allowing it to decline if it cannot serve in time or terms cannot be agreed. The long title says the bill also creates accounting and transparency requirements to protect retail customers, registers large-scale generation providers, and directs the Public Service Commission to study a large load flexible tariff and report periodically to the Legislature.","""creates accounting and operational transparency requirements to protect retail customers"" | ""requires the Public Service Commission (commission) to investigate the feasibility of a large load flexible tariff"" | ""a qualified electric utility has the sole right to provide electric service to a large load customer in the qualified electric utility's service territory""",Officials in states weighing whether to let data centers build or contract for their own generation outside normal utility rate cases.,"Only the long title and Parts 1, 2 and the start of Part 4 were read for this entry; the customer protection and accounting sections were not reviewed in detail.",18 September 2026
"State policy, incentives and utility rates",State policy and legislation,Virginia,"HB284 - 2026 Regular Session: Electric utilities; electric demand flexibility programs, high energy demand customers, report","Virginia Legislative Information System (LIS), Virginia General Assembly","Approved by Governor 4/8/2026, Chapter 377 (effective 7/1/2026)",Bill status page with summary and chaptered text,https://lis.virginia.gov/bill-details/20261/HB284,"The summary as passed says HB 284 (identical to SB 371), introduced by Del. Michael B. Feggans, directs Dominion Energy and Appalachian Power to petition the State Corporation Commission by January 15, 2027 for approval of voluntary demand flexibility programs for high energy demand customers as defined in the bill, and requires the SCC to consider all forms of demand flexibility. Cooperatives serving such customers must establish programs by January 1, 2029. Utilities must file status reports three years after approval and every three years after, and the SCC must report on program performance starting in 2028. The history shows approval by the Governor as Chapter 377.","""Directs Dominion Energy and Appalachian Power to file a petition with the State Corporation Commission by January 15, 2027, for approval of voluntary demand flexibility programs that apply to high energy demand customers"" | ""The bill directs each cooperative that serves one or more high energy demand customers to establish a voluntary demand flexibility program for such customers by January 1, 2029."" | ""Approved by Governor-Chapter 377 (effective 7/1/2026)""","Officials interested in making data centers reduce use when the grid is stressed, including electric cooperative boards.",Programs are voluntary for customers; the bill's definition of high energy demand customer was not read for this entry.,18 September 2026
"State policy, incentives and utility rates",Tax incentives,Ohio,Governor DeWine Announces Pause of Data Center Tax Exemption,Office of Ohio Governor Mike DeWine,"May 27, 2026",Press release,https://governor.ohio.gov/media/news-and-media/governor-dewine-announces-pause-of-data-center-tax-exemption,"The release says Governor DeWine directed the chair of the Ohio Tax Credit Authority to stop considering new data center tax exemption requests while the General Assembly's Joint Data Center Committee studies data center growth, including local benefits when exemptions are granted. The authority would stop accepting new proposals after its next scheduled meeting. The release reports the capital investment reported by data centers previously granted exemptions and states the pause is not a ban.","""he has directed the chair of the Ohio Tax Credit Authority to pause consideration of any new data center tax exemption requests while the Ohio General Assembly's Joint Data Center Committee studies the growth of data centers in Ohio"" | ""Data centers that have previously been granted sales and use tax benefits in Ohio have reported a total capital investment of $27.2 billion in 2025."" | ""This action only suspends the ability for data centers to request tax exemptions in Ohio; it is not a data center ban.""",Ohio local officials and others tracking how governors are pausing incentives while legislatures study costs and benefits.,Short release; it does not state how long the pause will last.,18 September 2026
"State policy, incentives and utility rates",State policy and legislation,West Virginia,"Enrolled Committee Substitute for House Bill 2014 (Power Generation and Consumption Act), 2025 Regular Session, West Virginia (signed)",West Virginia Legislature,"2025 Regular Session; signed April 30, 2025 per the Governor's release",PDF signed enrolled bill,https://code.wvlegislature.gov/signed_bills/2025/2025-RS-HB2014-SUB%20ENR_signed.pdf,"The bill creates a certified microgrid program and a certified high impact data center designation, both certified by the Secretary of the Department of Commerce under new sections 5B-2-21 and 5B-2-21a. A section beginning on PDF page 16 states its purpose is to coordinate and expedite development, including site selection and permitting, and in subsection (c) prohibits counties and municipalities from adopting or enforcing ordinances or rules that limit certified microgrid districts or certified high impact data centers. The Governor's April 30, 2025 signing release describes the law as making West Virginia attractive to data centers and creating funds to lower the income tax, support economic development and stabilize the grid. For local officials it is the clearest example of state preemption of local data center regulation.","""Counties and municipalities, whether by ordinance, resolution, administrative act, or otherwise, from enacting, adopting, implementing, or enforcing ordinances, regulations, or rules which limit, in any way, the creation of, and acquisition, construction, equipping, development, expansion, and operation of any certified microgrid district or certified high impact data center project"" | ""Counties and municipalities from imposing or enforcing local laws and ordinances concerning the creation or regulation of any certified microgrid district or certified high impact data center therein""",Local officials in any state where preemption of local zoning for data centers is being proposed.,"Only the preemption section and the Governor's summary were read for this entry; other sections, including exceptions listed after subsection (c), were not reviewed in full.",18 September 2026
"State policy, incentives and utility rates",Utility rates and ratepayer protection,,Boom or bust: How to protect ratepayers from the AI bubble,"Brookings Institution, TechTank (David M. Klaus and Mark MacCarthy)","October 30, 2025 (updated Oct. 31 and Nov. 3, 2025)",Web article,https://www.brookings.edu/articles/boom-or-bust-how-to-protect-ratepayers-from-the-ai-bubble/,"The article explains three features of data center power demand that create risk for other ratepayers: its scale and geographic concentration, a mismatch between two-to-three-year developer timelines and eight-to-ten-year infrastructure build times, and uncertainty because developers file duplicate requests with multiple utilities while shopping for incentives. It walks through generation, transmission and substation costs, argues that regulators should set separate data center tariffs instead of discounted industrial rates, and recommends that data centers prepay or frontload infrastructure costs and sign take-or-pay contracts, citing Ohio and Texas actions as examples.","""There is an emerging consensus that protecting non-data center ratepayers from massive electric rate increases will require utilities to establish a separate tariff structure for data centers users."" | ""One option would be to require data center users to prepay or frontload the costs for the infrastructure they require.""","Local officials who are asked to support utility economic development rates for a data center, and residents' advocates in rate cases.","Commentary drawing on secondary sources (Bloomberg, IEA, Goldman Sachs and others); Brookings notes the piece was corrected on Oct. 31 regarding Goldman Sachs estimates.",18 September 2026
"State policy, incentives and utility rates",Utility rates and ratepayer protection,Texas,Texas proposes new interconnection standards for large electric loads: Regulatory implications for large energy users,DLA Piper (Paul Wight and Sophia Browning),30 March 2026,Law firm client alert,https://www.dlapiper.com/en-us/insights/publications/2026/03/texas-proposes-new-interconnection-standards-for-large-electric-loads,"The alert explains that on March 12, 2026 the PUCT proposed 16 TAC 25.194 in Project No. 58481 to implement SB 6, applying to new or expanded ERCOT interconnections of 75 MW or more. It summarizes the two-step process with an intermediate agreement showing site control and permitting progress, minimum study fees, per-megawatt financial security and a non-refundable interconnection fee, a 30-day deadline to sign an interconnection agreement after studies, full funding of direct interconnection costs, and limits on refunds when projects are delayed or withdrawn. It notes the fees would exceed those of other major grid operators and lists the comment deadline and expected adoption later in 2026.","""$300,000 for projects with a requested peak demand of 250 MW or more"" | ""Customers would also be required to post financial security of $50,000 per MW of requested peak demand upon execution of the intermediate agreement"" | ""the proposed rule generally limits refunds of posted financial security to 20 percent, with the remaining 80 percent applied to the transmission provider's rate base"" | ""Taken together, the proposed requirements would establish conditions to discourage speculative or duplicative interconnection requests""",Officials who want to see how a state turns a large-load statute into specific financial commitments that protect other ratepayers from speculative projects.,Describes a proposed rule as of March 2026; the final adopted rule was not verified. Written by a law firm for large energy users.,18 September 2026
"Local planning, zoning and ordinances",National guidance: planning associations,,Data Centers Evolved: A Primer for Planners,"American Planning Association (Planning magazine), by Jacques Fluet","July 22, 2021",Web article,https://www.planning.org/planning/2021/summer/data-centers-evolved-a-primer-for-planners/,"A Planning magazine primer, written by the data center technology program director at the Telecommunications Industry Association, explaining traditional versus edge and colocation data centers for planners. It notes that traditional facilities range from 10,000 square feet to more than a million and need large amounts of electricity, water and redundant fiber. It flags security fencing, lighting, cooling fan and backup generator noise near residential areas, and on-site diesel or gas fuel storage as zoning issues. It recommends defining data centers as a distinct use rather than relying on ad hoc use determinations, and cites Loudoun County, Virginia as an early example.","""relatively few local zoning codes define and regulate data centers"" | ""By making data centers a distinct use, cities ensure clear zoning requirements are well defined"" | ""some facilities can make significant noise, whether it be cooling fan systems or backup generators""",Planning staff and commissioners in places whose code does not yet define a data center use.,Written in 2021 with an emphasis on 5G and edge facilities; the author is from an industry association; predates the AI-driven hyperscale wave.,18 September 2026
"Local planning, zoning and ordinances",National guidance: planning associations,,Zoning for Data Centers and Cryptocurrency Mining,"American Planning Association, Zoning Practice, by David Morley, AICP","June 1, 2022",PDF,https://www.planning.org/publications/document/9249180/,"This Zoning Practice issue explains why cities, towns and counties may want to define and regulate data centers and cryptocurrency mining as distinct uses. Per the catalog abstract, it reviews the factors that drive siting demand, the key planning issues (electricity and water use, noise, safety and security needs, and low employment densities), poses questions to guide code drafting, and closes with short profiles of local zoning approaches that may serve as models.","""Data centers are the physical facilities where the internet lives."" | ""the operational characteristics of these facilities are typically quite distinct from those of surrounding land uses""",Code drafters and planning directors preparing a data center or crypto mining text amendment.,Only the catalog page and abstract were read; the full 8-page PDF requires sign-in (list price $10.00; free to Zoning Practice subscribers).,18 September 2026
"Local planning, zoning and ordinances",National guidance: local government associations,,Data Center Local Action Tracker,National League of Cities,undated,Web resource,https://www.nlc.org/resource/data-center-local-action-tracker/,"NLC's tracker of local government actions on data centers. The public landing page describes it as following how cities, towns and counties are adopting zoning standards, negotiating development agreements, reviewing infrastructure impacts and establishing moratoria. The tracker itself sits behind a member login or a free registration form, which was not submitted.","""Cities, towns and counties are adopting zoning standards, negotiating development agreements, reviewing infrastructure impacts, establishing moratoria""",Elected officials and staff who want to see what peer jurisdictions have adopted.,Tracker contents not read because access requires NLC login or a registration form.,18 September 2026
"Local planning, zoning and ordinances",National guidance: local government associations,,Helping Communities Understand the Data Center Boom,"National League of Cities, by Kelly Aves","October 7, 2025",Web article,https://www.nlc.org/article/2025/10/07/helping-communities-understand-the-data-center-boom/,"Introduces NLC's three-part fact sheet series for local governments: a primer on data centers, a sheet on water and energy use, and a sheet on community strategies for zoning, permitting and policy tools. It notes that speeding data center construction was a priority in a January presidential executive order and the resulting National AI Action Plan. NLC urges local leaders to plan proactively and to work with state regulators, legislators, utilities and neighboring communities.","""By thinking about data centers proactively, instead of reactively, local leaders can position their city, town or village"" | ""Cooling systems, which require significant amounts of water, can vary greatly in their water re-use levels""","Mayors, councilmembers and city managers new to the topic.",Short overview; substance is in the linked fact sheets.,18 September 2026
"Local planning, zoning and ordinances",National guidance: local government associations,,Community Strategies to Address Data Center Development and Operation,"National League of Cities (with the American Association for the Advancement of Science, per NACo's listing)",date not printed on the page,PDF,https://www.nlc.org/wp-content/uploads/2025/09/Data-Centers-Fact-Sheet-3.pdf,"A three-page fact sheet on zoning, permitting and policy tools for data centers. It explains by-right, conditional use and special exception pathways, and profiles Fairfax County, Harrisonburg, Loudoun County and Prince William County, Virginia; Limerick Township, Pennsylvania; and Chandler and Mesa, Arizona. It covers overlays with noise, aesthetics, setback and environmental rules, energy and water benchmarking (Detroit, Chicago, Atlanta), and a New Albany, Ohio tax abatement paired with community benefits. It recommends early community engagement, converting buffers into public green space, and coordination with utilities and public utility commissions.","""older zoning codes do not explicitly address data centers. These facilities often fall between classifications."" | ""Harrisonburg, VA took a different approach by removing by-right permissions and requiring special use permits"" | ""In return for a 15-year, 100 percent property tax abatement, the developer committed to stormwater mitigation, scholarships"" | ""Community engagement should begin early, before zoning changes are proposed""","Planning directors, city attorneys and councils comparing zoning pathways and peer ordinances.",Brief summaries only; readers should confirm each jurisdiction's current adopted text.,18 September 2026
"Local planning, zoning and ordinances",National guidance: local government associations,,NACo Informational Primer and County Considerations: Data Centers,National Association of Counties (NACo),"February 24, 2026",Web page with downloadable PDF,https://www.naco.org/resource/naco-informational-primer-and-county-considerations-data-centers,"A framework for county elected officials, administrators and planners to evaluate, permit and oversee data centers. It explains how counties act through zoning ordinances, conditional or special use permits, site plan review and development agreements, and notes that state law may limit or share county land use authority. It summarizes common standards: setbacks of 200 to 500 feet from residential property, noise limits of about 65 decibels at the property line and 55 in quieter areas, A-weighted and C-weighted testing, daylight-only generator testing, office-like architectural treatment, and water balance studies, discharge standards and monitoring with curtailment triggers.","""their operations and infrastructure requirements more closely match those of a factory"" | ""Typical building setback requirements from property lines range from 200 feet to up to 500 feet from a residential property or zoning district."" | ""setting noise limits, often 65 decibels at the property line and 55 decibels in quieter or residential areas"" | ""water balance studies, discharge water quality standards and long-term monitoring programs with defined curtailment plan triggers""","County commissioners, county administrators and county planning directors.","NACo states the content is ""intended for educational purposes only"" and that it ""does not endorse any particular strategy or approach.""",18 September 2026
"Local planning, zoning and ordinances",National guidance: local government associations,,Data Centers Resource Hub,National Association of Counties (NACo),"July 10, 2026",Web resource hub,https://www.naco.org/resource/data-centers-resource-hub,"NACo's collection of data center resources for counties. It lists a fall 2026 webinar series (economic considerations on August 11, electricity trends on August 28, water use and cooling on September 11, 2026), 2026 Annual Conference summit slides, a December 14 to 16 peer exchange in Dorchester County, South Carolina, and county spotlights: Cuyahoga County, Ohio development recommendations, the Susquehanna County, Pennsylvania ordinance as a decommissioning model, and a Maricopa County, Arizona city ordinance with noise mitigation and mandatory neighborhood engagement. It also links partner resources from NADO, ULI, Climate Mayors, AAAS and NLC, and Brookings.","""Susquehanna County's ordinance provides a local model for data center decommissioning"" | ""extensive noise mitigation requirements and mandatory neighborhood engagement"" | ""This event is co-sponsored by Google through NACo's Rural Energy Academy""",County officials looking for a curated starting point and peer contacts.,A link hub; the peer exchange is co-sponsored by Google.,18 September 2026
"Local planning, zoning and ordinances",Model ordinances and model standards,,Local Guidelines for Data Center Development,"Urban Land Institute, ULI Americas Data Center Product Council (lead author Hannah Miet)",2024,PDF,https://knowledge.uli.org/-/media/files/research-reports/2024/uli-data-center-whitepaper_hm_2024-11-12_final-final-round.pdf,"A white paper that explains data center types and how they differ from warehouses, then lays out four regulatory options: an overlay district, a planned innovation, research and technology (PIRT) district, preferred locations in the comprehensive plan with owner-initiated rezonings and proffers, or a data center zoning district defined by ordinance, which it recommends as a best practice. Its model ordinance guidelines say data centers are not appropriate in residential districts, should be permitted in all industrial districts, and may be permitted by right in commercial districts if equipment is enclosed or screened, entrances and facades are articulated, and at least 30 percent of the primary facade is fenestration. It proposes a 200-foot separation from residential or noise-sensitive uses in industrial areas, heights to 100 feet, and parking based on actual office area or a staffing plan.","""offering a balanced model zoning ordinance for data center development that authorities having jurisdiction (AHJs) can adapt straight from the page"" | ""we believe that data centers are not appropriate in residential districts"" | ""be located at least 200 feet (61 m) from the residential or noise-sensitive use"" | ""A minimum of thirty percent (30%) of the primary facade shall be comprised of windows, doors, or similar fenestration design features such as faux windows""",Planners and attorneys drafting a first data center ordinance who want model text to adapt.,"Written by an industry product council; ULI states it ""should not be relied upon as business or legal advice."" The model leans toward by-right permission.",18 September 2026
"Local planning, zoning and ordinances",Adopted local ordinances: Arizona,Arizona,"Ordinance No. 5033 (Data Centers), City of Chandler, Arizona","City of Chandler, Arizona, City Council","2022 (Planning and Zoning Commission hearing October 19, 2022)",PDF,https://www.chandleraz.gov/sites/default/files/departments/development-services/PLH22-0053-Ordinance-No-5033-Data-Center.pdf,"Amends Chandler's zoning code to define data centers and to bar them unless explicitly approved as part of a Planned Area Development zoning district; small ancillary enterprise data centers (no more than ten percent of the building footprint, not leased to third parties, not stand-alone) are allowed. Before building, the owner must mail notice to all addresses and HOAs within a half mile, hold two neighborhood meetings with a decision-maker present, post signs, and commission a third-party baseline sound study. The design must keep sound from exceeding the baseline ambient levels, with post-construction noise studies annually for five years, an on-site neighborhood liaison from 8 a.m. to 10 p.m. on request, and backup generator testing limited to 9 a.m. to 5 p.m. weekdays with 24 hours of public web notice.","""Data Centers are not permitted to operate in the City of Chandler unless explicitly approved as part of a Planned Area Development zoning district."" | ""sufficient to prevent the sound levels emanating from the Data Center ... from exceeding the ambient noise levels that were observed in the baseline study"" | ""backup generators may operate between the hours of 9:00 am and 5:00 pm, Monday through Friday, excluding holidays""",Councils and planners in suburban communities where data centers may abut neighborhoods; staff drafting noise and notice rules.,The adoption day was not legible in the extracted text of the signed copy.,18 September 2026
"Local planning, zoning and ordinances",Adopted local ordinances: Pennsylvania,Pennsylvania,"Susquehanna County, Pennsylvania Ordinance No. 2025-01 (SALDO amendment, Section 713 Data Centers)",Susquehanna County Board of Commissioners,"Enacted December 29, 2025",PDF,https://www.susqco.com/getmedia/4304e65c-d89c-4541-9c34-11e7cfc62dc3/Ordinance-2025-01-SALDO-Data-Centers.pdf,"Amends the county Subdivision and Land Development Ordinance to govern the development, construction, operation and decommissioning of data centers, including crypto mining and server farms. It defines sensitive receptors (homes, schools, daycares, nursing homes, places of worship, parks and others), sets a bracketed 60-foot maximum height and 200-foot setback from residential or sensitive receptors, a 50-foot buffer with at least 25 feet of dense landscaping, and a 6-foot security fence. A professional sound study must show 67 dB(A) maximum daytime levels with a lower nighttime and weekend limit. Decommissioning must be completed within 12 months after 12 months of non-use, with an engineer's cost estimate and posted financial security.","""set back [200] feet from the boundary of [Residential] or the lot line of any property developed with a sensitive receptor"" | ""post and maintain Decommissioning Funds in an amount equal to Net Decommissioning Costs +10%""","County and township officials, especially in rural areas, concerned about long-term liability and site restoration.","Several numbers appear in square brackets in the adopted text, suggesting template language; the nighttime decibel figure was cut off in the extracted text and is not reported here.",18 September 2026
Community impacts and public opinion,Noise and land use regulation,Virginia,Data Centers: Adopted Zoning Ordinance Amendment,"Fairfax County, Virginia, Department of Planning and Development","Amendment adopted September 10, 2024; page undated",County web page with links to adopted text,https://www.fairfaxcounty.gov/planning-development/data-centers,"Fairfax County's page documents its data center zoning amendment, which the Board of Supervisors directed staff to prepare on March 19, 2024 to strengthen data center permissions and standards. It links the adopted text, the staff report, follow-on motions, a separate 'Noise Study Requirements' document and the county's 'Data Centers Research Report and Recommendations' dated January 9, 2024.","""The Board of Supervisors adopted the Data Centers Zoning Ordinance Amendment on September 10, 2024, which became effective September 11, 2024.""","Zoning administrators looking for a model ordinance package, including a stand-alone noise study requirement.","Only the landing page was read; the linked adopted text, staff report and noise study PDFs were not opened in this session.",18 September 2026
"Local planning, zoning and ordinances",Adopted local ordinances: Virginia,Virginia,ZO 112.1-2024-9 / ZO 112.2-2024-8: Adoption of an Amendment to Chapters 112.1 and 112.2 (Zoning) (Data Centers),"Fairfax County, Virginia, Board of Supervisors","September 10, 2024",PDF,https://www.fairfaxcounty.gov/planning-development/sites/planning-development/files/Assets/Documents/zoning%20ordinance/adopted%20amendments/ZO_112_1-2024-9.pdf,"The adopted text of Fairfax County's data center amendment. It requires cooling, ventilation and generator equipment to be fully enclosed or screened, caps buildings at 40,000 square feet in C-3 and C-4 and 80,000 square feet in I-2, I-3 and I-4 unless a special exception is approved, and requires buildings to sit at least 200 feet and ground equipment at least 300 feet from residential lot lines (or be shielded by the building). Data center buildings must be at least one mile from a Metro station entrance, and pre-site-plan and post-construction noise studies must show compliance with the county Noise Ordinance. By-right buildings need a distinct entrance, facade changes every 150 horizontal feet and at least 30 percent fenestration; the amendment also removes data centers from the PRC district and adds grandfathering rules keyed to July 16, 2024.","""Any data center building must be located at least 200 feet from the lot line of an R district or a property developed with a residential use."" | ""A data center building must be located at least one mile from a Metro station entrance."" | ""a post-construction noise study must be submitted demonstrating to the Zoning Administrator's satisfaction that the operation complies with the Noise Ordinance"" | ""comprise a minimum of 30 percent of the individual façade""","Code drafters who want tested, adopted standards on size thresholds, separation distances, transit proximity and design.",Parts of the use tables did not extract cleanly from the PDF; consult the county's codified ordinance for current text.,18 September 2026
"Local planning, zoning and ordinances",Adopted local ordinances: Virginia,Virginia,Data Center Standards & Locations,"Loudoun County, Virginia, Department of Planning and Zoning","undated page; open houses scheduled September 28 and 30, 2026",Web project page,https://www.loudoun.gov/5990/Data-Center-Standards-Locations,"Loudoun County's project page for its data center comprehensive plan and zoning amendments (CPAM-2024-0001 and ZOAM-2024-0001). The Board initiated the review on February 6, 2024; Phase 1, approved March 18, 2025, made data centers a conditional or Special Exception use where they had been by right. A Grandfathering Resolution covers certain applications accepted before February 12, 2025, and an Application Pathway Guide explains it. Phase 2 is developing use-specific zoning standards for data centers and utility substations, with drop-in open houses in September 2026 and Planning Commission review expected in February 2027.","""to designate data centers as a conditional or Special Exception (SPEX) use in areas where the uses were previously allowed by-right"" | ""certain data center applications accepted prior to February 12, 2025, may continue to be reviewed and processed without obtaining SPEX approval"" | ""noise metering demonstrations from county Zoning Enforcement""","Officials considering a shift from by-right to special exception review, and staff planning public engagement on standards.",Phase 2 standards are not yet adopted.,18 September 2026
"Local planning, zoning and ordinances",Adopted local ordinances: Virginia,Virginia,Data Centers: Land Use Considerations,"Loudoun County, Virginia",undated,Web page,https://www.loudoun.gov/6410/Land-Use-Considerations,"Explains where data centers can locate in Loudoun (only on land zoned for office and industrial uses; not in the rural policy area covering about two-thirds of the county) and why the county says it cannot adopt a moratorium under Virginia law. It describes the March 18, 2025 amendments that made data centers a special exception use, explains by-right development, and notes the county has no formal role in routing high-voltage transmission lines, which the State Corporation Commission approves.","""Loudoun County does not have the legal authority to implement a moratorium on new data center applications."" | ""This eliminates data centers as a “by-right"" | ""Loudoun County has no formal role in the approval process for the route of high-voltage transmission lines.""",Officials and residents asking whether a moratorium is legally available; staff explaining by-right versus special exception.,The moratorium analysis is specific to Virginia law.,18 September 2026
Community impacts and public opinion,Noise and air emissions,Virginia,Data Centers: Noise & Air Quality Concerns,"Loudoun County, Virginia (County Administrator)",undated on page,County web page,https://www.loudoun.gov/6405/Noise-Air-Quality-Concerns,"Loudoun County, home to nearly 200 operational data centers, explains the noise sources at data center campuses (cooling, HVAC, emergency generators, on-site generation and storage), and why tonal and low-frequency noise is hard to regulate with standard A-weighted (dBA) limits. It describes the county's current rules: pre-construction and post-construction noise studies and a 55 dBA residential property-line limit, plus the complaint and enforcement process.","""For residential properties, the maximum allowable sound level at the property line is 55 dBA."" | ""The county does not currently have policy or regulatory language specific to tonal noise or low frequency noise.""",Planning and zoning staff drafting noise standards (dBA versus dBC and octave-band measures) and officials who need to explain to residents which level of government regulates generator emissions.,Describes Loudoun's own rules and experience; the county notes amendments to address tonal and low-frequency noise are anticipated in spring or summer 2027.,18 September 2026
"Local planning, zoning and ordinances",Overlay districts and pending amendments: Virginia,Virginia,DPA2026-00006: Data Center Opportunity Zone Overlay District (DCOZOD),"Prince William County, Virginia, Planning Office","undated page; Board public hearing scheduled September 22, 2026",Web project page with staff reports,https://www.pwcva.gov/department/planning-office/dpa2026-00006-data-center-opportunity-zone-overlay-district-dcozod,"Tracks Prince William County's 2026 zoning text amendment to its Data Center Opportunity Zone Overlay District. Initiated March 3, 2026 (Res. No. 26-125), paused May 19, and re-initiated June 9, 2026 (Res. No. 26-374), the amendment shrinks the overlay to parcels meeting one or more of five eligibility pathways and closes it to future expansion. Outside the overlay, new data centers in business, office and industrial districts would need a Special Use Permit. On September 9, 2026 the Planning Commission recommended approval, extending an eligibility window from 90 to 120 days and adding a 500-foot setback from existing homes and schools for one pathway.","""the Overlay is closed to any future expansion"" | ""This structural shift establishes the SUP as the primary pathway for new data center development outside the DCOZOD"" | ""maintain a minimum 500-foot setback between data center structures and existing homes and schools""",Officials in jurisdictions that used a by-right overlay and are now considering narrowing it.,"Not yet adopted as of this page; Board hearing set for September 22, 2026.",18 September 2026
"Local planning, zoning and ordinances",Overlay districts and pending amendments: Virginia,Virginia,DPA2021-00020: Data Center Opportunity Zone Overlay District Comprehensive Review,"Prince William County, Virginia, Planning Office","undated page (project initiated May 18, 2021)",Web project page,https://www.pwcva.gov/department/planning-office/data-center-overlay-district-comprehensive-review,"Explains the purpose of Prince William County's Data Center Opportunity Zone Overlay District: to steer data centers to areas with existing infrastructure while limiting impacts on surrounding communities. It records the Board's May 18, 2021 initiation (Res. No. 21-327) of amendments to the overlay, the Design and Construction Standards Manual, the comprehensive plan and zoning ordinance, and lists the eight zoning districts where new proposals outside the revised overlay would need a Special Use Permit.","""created to promote the development of data centers within areas of the County where there is existing infrastructure that could adequately support the proposed use"" | ""Data centers are on the Board of County Supervisors adopted List of Targeted Industries""",Planners evaluating an overlay-district approach to siting.,Project page; task documents are in collapsed sections not reviewed here.,18 September 2026
"Local planning, zoning and ordinances",Overlay districts and pending amendments: Virginia,Virginia,PW Digital Gateway,"Prince William County, Virginia, Planning Office","Update: August 5, 2026",Web project page,https://www.pwcva.gov/department/planning-office/pw-digital-gateway,"The county's record of the PW Digital Gateway, a comprehensive plan amendment (CPA2021-00004, adopted November 1, 2022, Res. No. 22-508) creating a technology corridor for data centers along Pageland Lane near Manassas National Battlefield Park and Conway Robinson Memorial State Forest (study area review), with three related rezonings. The August 5, 2026 update states that after a July 29, 2026 Virginia Court of Appeals order, the Board's rezoning approvals are void and zoning reverts, while the comprehensive plan amendment was upheld. Any new rezoning would need the normal application and hearing process, and properties are being reassessed for tax purposes.","""The Board of County Supervisors decisions to approve the rezoning of the property are void"" | ""The Comprehensive Plan Amendment for the property remains in place, as the Court of Appeals upheld that action"" | ""Real Estate Assessments will now work to reassess all the individual properties and update the tax bills.""",Elected officials and county attorneys weighing large corridor rezonings and the procedural risk of legal challenge.,The page does not explain the court's reasoning.,18 September 2026
"Local planning, zoning and ordinances",Overlay districts: Maryland,Maryland,Critical Digital Infrastructure Overlay Zone,"Frederick County, Maryland, Livable Frederick Planning and Design Office","undated page; County Council hearings December 16 and 17, 2025",Web project page with maps,https://frederickcountymd.gov/9128/Critical-Digital-Infrastructure-Overlay-,"Frederick County's record for the Critical Digital Infrastructure (CDI) Overlay Zone comprehensive plan amendment and comprehensive rezoning. It posts the overlay maps, property owner inclusion requests, the Planning Commission's recommended amendment and Resolution 2025-1, state agency and neighboring jurisdiction comments, and the adopted County Council Resolution 26-01 and Ordinance 26-01-001. It lists Planning Commission workshops (July 2025), hearings (October 15, 2025) and County Council hearings (December 16 and 17, 2025), and dozens of batches of public comment.","""County Council Ordinance 26-01-001: Comprehensive Zoning for the Critical Digital Infrastructure Overlay Zone"" | ""The official record was closed on October 15, 2025, at 3:31 p.m.""",Staff designing a map-based overlay process and a transparent public record.,Index page; standards are in the linked ordinance and code sections.,18 September 2026
"Local planning, zoning and ordinances",Overlay districts: Maryland,Maryland,§ 1-19-10.1100. Critical Digital Infrastructure Overlay Zone (CDI-OZ),"Frederick County, Maryland Code of Ordinances (American Legal Publishing)","Bill No. 25-09, September 2, 2025 (code supplement 2026 S-45)",Online codified ordinance,https://codelibrary.amlegal.com/codes/frederickcounty/latest/frederickco_md/0-0-0-63013,"The codified overlay zone text. It directs data centers (Critical Digital Infrastructure Facilities) and their substations to industrial land near data conveyance infrastructure, allows the overlay only on land planned Limited or General Industrial, requires the Council to consider proximity to schools, colleges, daycare, health care and homes, and caps the overlay at less than 1 percent of county land. Within the overlay, data centers and substations are principal permitted uses subject to site plan approval only in LI and GI districts, and must meet separate use standards in sections 1-19-8.402 and 1-19-8.403. Natural Resource land within parcels is excluded from density and overlay uses.","""directing Critical Digital Infrastructure Facilities and Critical Digital Infrastructure Electric Substations to industrial lands in proximity to data conveyance infrastructure"" | ""shall include less than 1% of the total land area of the county"" | ""the County Council shall consider proximity to schools, colleges and universities, daycare centers, healthcare facilities, and residential uses""","Counties considering a capped, map-based overlay rather than districtwide permission.",Use-specific standards in sections 1-19-8.402 and 8.403 were not read.,18 September 2026
"Local planning, zoning and ordinances",Kansas City region,Missouri,Peculiar reverses zoning for data center after cries from neighbors,"KSHB 41 News (Kansas City), by Isabella Ledonne","October 21, 2024 (updated October 23, 2024)",News article,https://www.kshb.com/news/local-news/peculiar-reverses-zoning-for-data-center-after-cries-from-neighbors,"Reports that Peculiar, Missouri's Board of Aldermen unanimously removed the ""data center"" definition it had added to the light industrial zoning code, blocking a proposed 500-acre data center campus next to homes and businesses. An alderman said staff had compared data centers to software and computer equipment manufacturing, and residents in Peculiar and Raymore organized for four months against the speed of the code change. The mayor's statement and residents' comments on trust and on getting zoning in place first are quoted.","""The Board of Alderman reversed that decision on Monday by removing the definition from the ordinance."" | ""Small rural communities aren't ready for this and they need to get their zoning stuff in place first""",Small-town officials in the Kansas City region considering adding a data center use to an existing district.,"News report, not the ordinance itself; the ordinance text was not located.",18 September 2026
"Local planning, zoning and ordinances",Kansas City region,Missouri,Nebius Data Center FAQs,"City of Independence, Missouri","undated page (meetings listed December 8, 2025 through March 2, 2026)",Web FAQ page,https://www.independencemo.gov/community-faqs/nebius-data-center-faqs,"The city's FAQ on the Nebius data center campus at the NorthPoint-owned EastGate Commerce Center off Little Blue Parkway and Missouri Highway 78. It states the site was already zoned for industrial and business park uses so no rezoning was required, with site plan review and permits handled administratively. It describes power of at least 800 MW from a privately financed plant at the retired Blue Valley Power Plant site, ratepayer protections for Independence Power & Light customers, a closed-loop cooling system with a one-time fill, noise and lighting review, a Chapter 100 tax abatement approved 5-2 on March 2, 2026, a community benefits plan, and why some discussions were held in executive session.","""Data centers are an allowed use under the site's existing zoning, meaning no rezoning is required."" | ""This project will require at least 800 megawatts (MW) of power"" | ""Nebius will use a closed-loop cooling system, which requires a one-time fill of approximately 1 million gallons per 200 MW building"" | ""The City Council voted 5-2 to approve a Chapter 100 tax abatement for the Nebius development""","Kansas City region officials evaluating a project on land already zoned for it, and staff writing a public FAQ.","City-produced project FAQ; the page gives both ""2.25 million square foot"" (overview) and ""Approximately 2.5 million square feet"" (What is being built).",18 September 2026
"Local planning, zoning and ordinances",Moratoria and prohibitions: Missouri,Missouri,Data Center & BESS Moratorium FAQs,"City of Independence, Missouri","undated page (City Council meeting July 6, 2026 listed)",Web FAQ page,https://www.independencemo.gov/community-faqs/data-center-bess-moratorium-faqs,"Explains the Independence City Council's temporary 180-day moratorium on new applications, permits and licenses for data centers and battery energy storage system (BESS) facilities. It applies only to projects not already submitted, authorized or approved, so it does not affect the Nebius project. The stated purpose is to review zoning, building, fire, business licensing, development and public safety rules; the city says the moratorium may be extended and is not a ban.","""a temporary 180-day moratorium on new applications, permits and licenses related to data centers and battery energy storage system facilities"" | ""The moratorium does not apply to the Nebius data center project"" | ""The moratorium is not a ban.""",Officials drafting a time-limited pause and explaining it to the public.,The moratorium ordinance text itself was not read.,18 September 2026
"Local planning, zoning and ordinances",Kansas City region,Missouri,"St. Joseph City Council pauses data center applications, seeks zoning update","KQ2 (KQTV, St. Joseph, Missouri), by TaMya Bracy","July 13, 2026",News article,https://www.kq2.com/news/2026/07/13/st-joseph-city-council-pauses-data-center-applications-seeks-zoning-update/,"Reports that at a July 13, 2026 work session the St. Joseph, Missouri City Council agreed to stop accepting new data center applications until its zoning code is updated and to seek an outside consultant for the update. A rezoning application for a proposed data center at 6321 Pickett Road had been withdrawn. Council members discussed whether current zoning is adequate, environmental effects, resource and taxpayer guardrails, and favored a condition-based approach; the mayor suggested visiting a community that hosts a data center.","""The council agreed not to accept any more data center applications until zoning codes are updated."" | ""many council members agree a condition-based approach would be best when it comes to data centers"" | ""Do we have adequate zoning regulations currently in effect to address this issue?""",Councils in mid-sized Missouri and Kansas cities weighing a pause while they rewrite zoning.,News report of a work session; no ordinance text.,18 September 2026
"Local planning, zoning and ordinances",Kansas City region,Kansas,Request for Proposal for Community Engagement Regarding Emerging Industries 2026,"City of Edgerton, Kansas","Public issue September 4, 2026; proposals due September 23, 2026",PDF,https://edgertonks.org/wp-content/uploads/REQUEST-FOR-PROPOSAL-EMERGING-IND-COMM-ENGAGE.pdf,"Edgerton, a Johnson County, Kansas city of about 1,900 residents that hosts Logistics Park Kansas City, seeks a consultant for a community engagement campaign on emerging industries such as data centers, battery energy storage systems, energy production facilities and vertical farming. The RFP says the effort was initiated after public comments about a data center project and is the first of two steps; the results will guide an update to the Unified Development Code. It sets a schedule (Council consideration October 22, 2026, completion in early 2027), an anticipated budget range, required cost detail by task, and a scope beginning with project coordination and a list of emerging industries.","""This project was initiated by City Council following a series of public comments received during city meetings ... regarding concerns over a data center project."" | ""This public engagement campaign will serve as the foundation to guide the forthcoming update to the City's Unified Development Code (UDC)"" | ""The City anticipates proposals in the range of $15,000–$30,000.""",Small cities that want to run engagement before writing data center zoning rules.,"A solicitation, not an adopted policy; only the first several pages of the scope were read. An Addendum 1 dated September 4, 2026 exists and was not read.",18 September 2026
"Local planning, zoning and ordinances",Kansas City region,Missouri,"File #: 251031, Committee Substitute for Ordinance No. 251031 (Large Format Uses and Data Centers)","City of Kansas City, Missouri, City Council (Legistar record and authenticated ordinance)","Passed January 15, 2026",Legislative record with authenticated ordinance PDF and attachments,https://kansascity.legistar.com/LegislationDetail.aspx?ID=7770725&GUID=10583898-2974-4B4E-B032-0FB3FD070094,"Kansas City's zoning code amendment (case CD-CPC-2025-00078) creating a Data Center use (Section 88-339) and a Large Format Uses category (Section 88-353) for buildings with a continuous footprint of 500,000 square feet or more, and moving data centers out of the Communications Service Establishments definition. Every data center must submit a utility Service Availability (Will Serve) letter confirming capacity; in business and downtown districts data centers need a special use permit and may not exceed 50 percent of the ground floor of a building with street frontage. Large format uses require a traffic impact study, may not produce noise, light, vibration or other impacts detectable beyond the property line, and face facade and screening rules including a 500-foot setback and berm, evergreen and fence buffer next to residential districts, parks and parkways, and 250 feet next to schools, hospitals and libraries. The record lists four actions from December 4, 2025 to passage on January 15, 2026 and posts more than 100 public testimony files.","""Data centers may not exceed more than 50% of the ground floor gross floor area of any building with street frontage."" | ""Large format uses shall not produce odors, dust, vibration, noise, spillover light, or other external impacts that are detectable beyond the property lines"" | ""Large format uses are any large-scale industrial use facility with a continuous building footprint of 500,000 square feet or larger.""","Kansas City region planners and councils, and any city writing a will-serve requirement or size-based review threshold.","Use tables did not extract cleanly from the PDF; table-based setback figures were read from extracted text and should be checked against the codified Chapter 88. The quoted provisions are from the attachment 'LFU Text Amendments_final to CC' posted on this Legistar file page, not from the page text itself.",18 September 2026
"Local planning, zoning and ordinances",Kansas City region,Missouri,Kansas City just changed its zoning to make data centers harder to build,"KCUR 89.3, by Savannah Hawley-Bates","January 16, 2026",News article,https://www.kcur.org/housing-development-section/2026-01-16/kansas-city-zoning-data-centers,"Explains Kansas City's unanimous January 2026 zoning change in plain language: data centers were previously treated like communications service establishments and could be built by right in most of the city. The change creates separate data center and large format categories, prohibits data centers in rural, residential, neighborhood and retail districts without rezoning or a special use permit, limits downtown data centers, and adds utility capacity letters. It reports about 30 data centers in the city, public testimony for and against, and council interest in studying water, energy, incentives and the Port Authority of Kansas City's tax breaks.","""There are about 30 data centers in Kansas City, Missouri. Until this week, developers could build one in nearly any part of the city."" | ""The zoning change would reclassify data centers in their own categories."" | ""Many times you have more community engagement to put a fast food chain on North Oak than you do an actual multi-million or half a billion dollar data center""",Residents and officials who want a readable summary of the Kansas City ordinance and the debate around it.,News summary; rely on the ordinance text for exact standards.,18 September 2026
"Local planning, zoning and ordinances",Adopted local ordinances: Iowa,Iowa,Data Centers in Unincorporated Linn County,"Linn County, Iowa","undated page (ordinance approved February 18, 2026; moratorium effective July 1, 2026)",Web project page with ordinance,https://www.linncountyiowa.gov/1862/Data-Centers-in-Unincorporated-Linn-Coun,"Linn County's page on its February 18, 2026 data center ordinance and its later moratorium. The ordinance creates rules for small and large data centers covering setbacks, noise, traffic and road impacts, emergency planning and site plan review, and requires large projects to complete a water study, sign a water use agreement with tracking and drought provisions, and sign an economic development agreement that includes a community fund. On top of that, the Board approved an 18-month moratorium, effective July 1, 2026 and running to January 1, 2028, on new applications to rezone land to the EU-3 Large-Scale Data Center district, to study cumulative impacts on water, power, roads and emergency services. The page notes the moratorium does not apply inside cities.","""an 18-month moratorium on accepting new applications to rezone property to the EU-3 Large-Scale Data Center Zoning District"" | ""The agreement must include a community fund to support things like infrastructure, services, environmental protection, and workforce development"" | ""The moratorium does not apply to cities within Linn County because the Board of Supervisors does not have jurisdiction over zoning regulations in cities.""","County officials, especially where water supply is a central concern, and those considering a pause after adopting rules.",Links to unsigned approved versions of the ordinance and resolution.,18 September 2026
"Local planning, zoning and ordinances",Adopted local ordinances: Iowa,Iowa,"An Ordinance Amending the Code of Ordinances, Linn County, Iowa, Chapter 107, Regarding the EU-3 Exclusive Use Three Large-Scale Data Centers District","Linn County, Iowa, Board of Supervisors (Planning & Development)","Approved February 18, 2026 (unsigned approved version)",PDF,https://www.linncountyiowa.gov/DocumentCenter/View/27695/PA26-0001-Ordinance-PDF,"The ordinance text creating an EU-3 Large-Scale Data Center district and standards for small-scale data centers. Applications must include utility verification from the power provider, a lighting plan with full-cutoff fixtures, a backup power plan (generator count, testing, emissions, fuel storage), a road use agreement with pre- and post-construction road surveys and possible financial assurance, a pre-construction noise analysis, a water use agreement and an emergency response plan. Setbacks are 200 feet to property lines and 1,000 feet from the nearest building to places of public assembly and residentially zoned property, including in cities. Noise is capped at 55 dBA or 65 dBC hourly average at occupied homes (65 dBA or 75 dBC at other occupied structures), with generator testing limited to 8 a.m. to 6 p.m. weekdays and noise re-evaluations every five years.","""1,000 feet (measured from the closest outer wall of the closest building on the data center property) to the closest outer wall of a place of public assembly and to the property line of any residentially zoned property"" | ""The average hourly noise level shall not exceed fifty-five (55) dBA or sixty-five (65) dBC"" | ""Equipment testing, maintenance activities, and construction activities that generate elevated noise, including generator testing, shall be limited to the hours of 8:00 a.m. to 6:00 p.m., Monday through Friday"" | ""Approval for large-scale data center projects shall be conditioned on the applicant demonstrating there is sufficient reliable water supply""","Code drafters who want model language for dBC limits, road use agreements, backup power plans and water supply review.",Part of this note was removed because a number in it could not be matched to the source page.,18 September 2026
"Local planning, zoning and ordinances",Moratoria and prohibitions: Missouri,Missouri,St. Charles approves a ban on data centers,"St. Louis Public Radio, by Abby Llorico","May 20, 2026",News article,https://www.stlpr.org/2026-05-20/st-charles-passes-a-ban-on-data-centers,"Reports that the St. Charles, Missouri City Council voted 7-1 to pass a bill that defines data centers in the zoning code and lists them as neither permitted nor conditional uses anywhere in the city, effectively banning large-scale data centers. The vote made permanent a one-year moratorium adopted the previous fall amid opposition to a $1 billion AI data center proposal off Highway 370, whose developer, CRG Cumulus, withdrew its application. It notes the council had tabled an expansion of the moratorium in February.","""The bill defines data centers within the city's zoning code, and clarifies that data centers are not listed for permitted or conditional use anywhere within St. Charles."" | ""The 7-1 vote makes permanent a one-year moratorium on proposals that was put in place in the fall"" | ""This is a straightforward step that closes a gap in the code and provides clarity for residents, staff, and applicants""","Missouri officials weighing definition-plus-exclusion as an approach, and the legal and economic tradeoffs of a ban.",News report; the ordinance text was not read.,18 September 2026
"Local planning, zoning and ordinances",Kansas City region,Kansas,Project Bluestem,"Leavenworth County, Kansas, Planning & Zoning","undated page (application numbers DEV-26-113 and DEV-26-114, Draft 1)",Web page listing application documents,https://www.leavenworthcounty.gov/departments/planning___zoning/project_bluestem.php,"Leavenworth County's public posting of the Project Bluestem applications near Tonganoxie: a Western Meadowlark Technology Park/Data Center planned unit development rezoning (DEV-26-113) and a companion Western Meadowlark Power Generation PUD (DEV-26-114). Each packet lists the exhibits submitted, including a conceptual site plan and cross sections, geotechnical investigation, wetlands delineation, Phase I environmental site assessments, water quality sampling, threatened and endangered species survey, traffic impact analysis, ambient sound monitoring, narrow band frequency and tonal analysis, will-serve letters, and proposed Planned Industrial Technology District regulations.","""DEV-26-113 DRAFT 1 Western Meadowlark Technology Park/Data Center PUD Application"" | ""Exhibit L - Narrow Band Frequence Analysis and Tonal Analysis"" | ""Exhibit M - Will Serve Letters""","County staff deciding what studies to require in a data center application, and residents following the Kansas City area's largest proposals.",Only the index of exhibits was read; the exhibits themselves (applicant documents) were not reviewed.,18 September 2026
"Local planning, zoning and ordinances",Ordinance databases and trackers,Georgia,Georgia Data Center Ordinance Hub,"Energy Policy and Innovation Center (EPIcenter), Georgia Institute of Technology (Yang You)",date not printed on the page,Interactive web dashboard,https://epicenter.energy.gatech.edu/data-center/,"A side-by-side dashboard of Georgia local data center ordinances built from a review of municipal codes for over 180 Georgia cities and counties, with examples from other states. It is organized in five themes (site planning and building design; infrastructure and utilities; environmental and community protections; public safety and security; lifecycle governance) and topics such as setbacks, height, parking, power lines and substations, water, stormwater and sewer, noise and vibration, buffers, lighting, fencing, and decommissioning. Each topic offers summaries, exact adopted ordinance language and templates, plus a Georgia moratorium tracker and legislative activity tracker.","""Municipal codes for over 180 Georgia cities and counties were reviewed to identify ordinances specifically addressing data centers."" | ""users can access summaries, exact ordinance language adopted by jurisdictions, and ordinance templates"" | ""does not constitute legal advice. Users should also consult official municipal codes for authoritative language""",Planners and attorneys anywhere who want to compare exact ordinance language topic by topic.,"EPIcenter states it is ""not a comprehensive review"" because of limits in publicly accessible code data. Part of this note was removed because a number in it could not be matched to the source page.",18 September 2026
"Local planning, zoning and ordinances",Ordinance databases and trackers,Georgia,EPIcenter Launches Georgia Data Center Ordinance Hub,Georgia Tech Research News Center,"March 30, 2026",News release,https://news.research.gatech.edu/2026/03/30/epicenter-launches-georgia-data-center-ordinance-hub,"Announces the Georgia Data Center Ordinance Hub, explains its five thematic areas, and describes the method: researchers reviewed municipal codes for about 180 Georgia cities and counties, identified data center-specific ordinances, and organized provisions such as building placement, setbacks, infrastructure and environmental considerations for comparison, adding examples from other states.","""We reviewed municipal codes for about 180 cities and counties across Georgia and identified ordinances that specifically address data center development"" | ""In total, we found 19 data center-specific topics that ordinances tend to cover.""",Officials deciding whether the hub fits their needs.,Launch announcement; the live hub has since been updated.,18 September 2026
"Local planning, zoning and ordinances",Moratoria and prohibitions: Georgia,Georgia,Communities draft varied ordinances amid Georgia land rush,"Columbus Ledger-Enquirer, by Kala Hunter","Originally published June 2, 2026; updated August 20, 2026",News article,https://www.ledger-enquirer.com/news/environment/article315964444.html,"A statewide survey of Georgia local responses. By the paper's count, 55 cities and counties have passed data center moratoria (33 active) and 37 counties and 31 cities have updated or plan to update codes. It describes Atlanta, Palmetto and Fayetteville prohibiting data centers, Cherokee County extending a moratorium by 180 days, a lawsuit over Coweta County's approval of Project Sail, DeKalb County's year-long text amendment process, Columbus's technology overlay (also challenged in court), and the contrast between LaGrange's two-page ordinance and Troup County's 17-page amendment with a 1,500-foot setback and Tier 4 generator requirement. Advocates recommend outside land use counsel during drafting.","""A combined 55 cities and counties have passed a moratorium on data centers in Georgia, according to the Ledger-Enquirer's latest count, including 33 active now."" | ""Troup County ordinance is a 17-page, text amendment requiring restrictions such as a 1,500-foot setback, the developer to use Tier 4 diesel generators"" | ""A protective ordinance can function like a ban""",Officials in fast-growing markets comparing the range from permissive to prohibitive approaches.,Newspaper tallies and advocate characterizations; verify each ordinance at the source. The on-page headline differs from the page title used here.,18 September 2026
"Local planning, zoning and ordinances",Adopted local ordinances: Indiana,Indiana,"Spencer County, Indiana Board of Commissioners Ordinance No. 2026-07: An Ordinance Amending the Spencer County Zoning Ordinance to Establish Standards and Special Exception Procedures for Data Center Facilities","Spencer County, Indiana, Board of Commissioners (prepared by Shiloh Counsel LLC)",2026 (adoption date line blank in the posted copy),PDF,https://www.in.gov/counties/spencer/files/commissioners/Ordinance-2026-07-Data-Centers.pdf,"Makes data centers a special exception use only in I-1 and I-2 districts, and only on a ""Power-Generating Industrial Parcel"" with current or recent power generation or a 69 kV or higher substation, citing the Rockport Energy Center corridor. Applications require a dBA and dBC pre-construction noise study, utility documentation of maximum megawatt demand, projected water use, cooling type and wastewater capacity, generator tier and emissions details, a microgrid feasibility assessment, and a ban on county nondisclosure agreements. Standards include 50 dBA Leq at the property line (or no increase over ambient), no dBC increase over ambient, a 500-foot setback from residential or occupied agricultural land (1,000 feet recommended), 20-foot effective screening, 60-foot height, 0.5 FAR, 10-hour minimum energy storage, annual water use statements, and 1,000-foot mailed notice. It notes state preemption of private generation under IC 36-7-4-1109.5 and ties sales tax exemption use to a county agreement under HEA 1210 (2026).","""Data Centers are not permitted by right in any zoning district."" | ""shall not exceed 50 dBA, measured as an equivalent continuous sound level (Leq) at the Data Center's property line""","Rural counties with existing power plants or transmission, and anyone drafting dBC, NDA or energy storage provisions.",The posted copy leaves the adoption date and signatures blank; confirm final adopted status with the county.,18 September 2026
"Local planning, zoning and ordinances",Moratoria and prohibitions: Indiana,Indiana,More than a third of Indiana counties now restrict data center developments,"FPI News (nonprofit newsroom), by Carson Gerber","July 9, 2026 (per URL; map data as of June 25, 2026)",News article,https://fpinews.org/policy/2026/07/09/data-centers-indiana-bans-moratoriums/,"Reports that more than a third of Indiana counties restrict data centers through regulations, temporary moratoriums or bans, per Indiana University's Environmental Resilience Institute. Marshall County adopted the state's first county moratorium in January 2025 and the first outright ban in April 2026; two counties have bans. Miami County passed a moratorium in April while drafting rules that could bar water-intensive cooling or siting near schools and hospitals, and Indianapolis is advancing a data center zoning district with setbacks, utility use and noise limits. It cites about 60 large proposals in two years and a May letter from 27 organizations urging moratoria.","""In April 2026, the county became the first to outright ban the facilities."" | ""In just the last two years, around 60 large-scale data center proposals have been filed in Indiana"" | ""The goal isn't to ban developments, she said, but implement setbacks and noise requirements aimed at protecting residents.""","Midwest county officials weighing moratorium, ban or ordinance options.",News reporting; figures are attributed to IU and advocacy groups.,18 September 2026
"Local planning, zoning and ordinances",Adopted local ordinances: Pennsylvania,Pennsylvania,Limerick Township Ordinance No. 428 (Data Center in the Logistics Center/Warehouse Conditional Use Overlay District),"Limerick Township, Montgomery County, Pennsylvania, Board of Supervisors",date not printed on the page,PDF,https://www.limerickpa.org/DocumentCenter/View/7420/Data-Center-Ordinance-No-428---Adopted-June-18-2024,"Adds a data center definition and permits data centers by conditional use in the township's Logistics Center/Warehouse Conditional Use Overlay District on HI Heavy Industrial land (the Publicker site). It requires public water and sewer, arterial or collector access, a PennDOT-format traffic impact study with bonded transportation improvements, common open space of one acre per 30,000 square feet of building, and a second emergency access. Buildings are capped at 60 feet and set back 400 feet from existing homes, or 200 feet if sound studies show 65 dB daytime and 50 dB nighttime limits are met. Data center equipment may not sit in front yards and must be separated from residential districts by a principal building, with preliminary, interim and as-built sound studies covering normal and emergency (generator) operation.","""the minimum building setback and minimum parking and loading setback shall be 400 feet from existing residential uses"" | ""a maximum daytime (7:00 AM to 10:00 PM) decibel level of 65 and a maximum nighttime (10:00 PM to 7:00 AM) decibel level of 50 as measured from the property line of the Data Center use"" | ""DCE shall be separated from any adjacent residential district by a principal building.""",Townships adding data centers to an existing warehouse or industrial overlay.,Superseded in part by Ordinance No. Part of this note was removed because a number in it could not be matched to the source page.,18 September 2026
"Local planning, zoning and ordinances",Adopted local ordinances: Pennsylvania,Pennsylvania,Limerick Township Ordinance No. 431 (Data Center Overlay Option and Data Center Standards),"Limerick Township, Montgomery County, Pennsylvania, Board of Supervisors","Adopted November 12, 2024 (per the township's document title)",PDF,https://www.limerickpa.org/DocumentCenter/View/7421/Data-Center-Ordinance-No-431---Adopted-November-12-2024,"Expands and revises Limerick's data center rules. It adds definitions for Data Center Equipment and Data Center Accessory Uses (substations, pump stations, water towers, cooling towers, backup power), sets data center noise limits of 67 dB(A) weekday daytime and 57 dB(A) nights and weekends at the property line with preliminary, interim and as-built sound studies, and creates a Data Center Overlay option by conditional use in the LLI district within three-quarters of a mile of a named intersection. Standards include public water and sewer (with capacity augmentation if needed), woodland clearing beyond 50 percent only with caliper-for-caliper replacement, 400-foot setbacks from homes (200 feet with sound compliance), a 120-foot height limit for data center buildings, and no FAR limit.","""a maximum daytime (7:00 AM to 8:00 PM Monday-Friday) decibel level of 67 dB(A) and a maximum nighttime (8:00 PM to 7:00 AM Monday-Friday and all day Saturday and all day Sunday) decibel level of 57 dB(A)"" | ""The total caliper of the portion of disturbed woodlands in excess of the first 50 percent shall be replaced."" | ""Maximum building height (feet) for a building housing a Data Center shall be 120 feet.""","Suburban townships balancing industrial land use, noise and tree cover.","Page 9 was not reviewed; confirm the current codified text with the township, since later amendments may exist.",18 September 2026
"Local planning, zoning and ordinances",National guidance: research and policy organizations,,Before Breaking Ground: A Local Government Guide To Better Data Center Policy And Community Benefits,"Federation of American Scientists (FAS), State & Local Innovation","September 10, 2026",Web report with downloadable PDF,https://fas.org/publication/before-breaking-ground/,"A 2026 landscape assessment for local governments with three parts: an analysis of 42 local ordinances and ballot measures plus 12 state actions, a sample of data center taxable value over time in six counties, and a first comparison of ten executed community benefit or development agreements (Cedar Rapids, Pima County, Marysville, DeKalb, St. Louis, Festus, El Paso, Lancaster, Warrenton and Frederick County) obtained partly through public records requests. It finds most jurisdictions pause first, then reclassify data centers as industrial, require special use review and add setback, noise and water conditions; it tallies how often ordinances address moratoria, water and cooling, noise, definitions, setbacks (200 feet up to 1,500 to 2,000 feet), will-serve letters and decommissioning bonds. Field interviews stress that community benefit agreements supplement, not replace, zoning, that decommissioning enforcement is untested, and that jurisdictions should decide whether, where and under what conditions before negotiating.","""of 42 local ordinances and ballot measures reviewed, 33 of them were passed in 2026 alone, compared with two in 2024 and six in 2025"" | ""a CBA cannot fix a zoning gap and a zoning ordinance cannot capture specific project commitments like a CBA can"" | ""Determine up front if you want them, where you want them, and under what conditions you will take them.""","Elected officials, city and county attorneys, and economic development staff negotiating incentives or community benefit agreements.","FAS states its 42-ordinance set ""is not an exhaustive list""; property value sample covers six jurisdictions and does not analyze neighboring property values.",18 September 2026
"Local planning, zoning and ordinances",National guidance: research and policy organizations,,Data Drain: The Land and Water Impacts of the AI Boom,"Lincoln Institute of Land Policy, Land Lines magazine, by Jon Gorey","October 17, 2025",Magazine article,https://www.lincolninst.edu/publications/land-lines-magazine/articles/land-water-impacts-data-centers/,"A land policy view of data centers' demands on land, water and power, drawing on a Lincoln Institute conference and experts from the Piedmont Environmental Council, Thames Water and USC. It covers Northern Virginia's concentration and Loudoun County's tax reliance, the loss of jobs per acre compared with older office campuses, backup diesel generators and air quality, evaporative cooling and basin-level water impacts, Newton County, Georgia's water use, and how regional costs spread beyond host communities. It urges early engagement of water utilities, integrated land, water and energy planning, state oversight of regional impacts, and greater transparency in place of nondisclosure agreements.","""Water is often one of the last things that gets thought about, so one of the things that we're really promoting is early engagement"" | ""The only approval that they really have to get is from the locality, and the locality is not looking at the regional impacts"" | ""In Newton County, Georgia, a Meta data center that opened in 2018 uses 500,000 gallons of water per day""",Local officials and water utility managers weighing land and water tradeoffs.,Journalistic feature with advocacy perspectives; figures are attributed to cited studies and interviewees.,18 September 2026
"Local planning, zoning and ordinances",County and regional guidance,Ohio,Data Center Development: Recommendations for Local Communities,Cuyahoga County (Ohio) Data Center Working Group,May 2026,PDF,https://cuyahogacms.blob.core.windows.net/home/docs/default-source/sustainability/datacenterrecommendations.pdf,"A practical guide for Cuyahoga County municipalities. It explains data center types, recommends a temporary moratorium to assess infrastructure and update zoning (citing Aurora, Illinois's six-month moratorium), and advises creating a data center use category, stronger-than-industrial setbacks and screening near homes, schools and parks, and conditional use permits with specific, measurable, enforceable conditions. It lists warning signs of an undisclosed data center proposal (vague project names, 100 to 300+ acre assemblages, anonymous LLCs, 50 to 200+ MW utility inquiries), a checklist of questions to ask developers, community benefit agreement terms for economy, energy, water and land, and a ""What Not to Do"" list.","""The conditions should be specific, measurable, and enforceable."" | ""Do not sign a non-disclosure agreement (NDA)."" | ""Standard industrial setbacks may be insufficient for data centers with significant noise, light, and generator emissions."" | ""Inquiries to the utility about 50 – 200+ MW loads""","Mayors, councils and staff in any municipality that may be approached by a developer, especially before signing anything.","Advisory guidance from a county working group, not an ordinance.",18 September 2026
"Local planning, zoning and ordinances",Adopted local ordinances: Illinois,Illinois,New Data Center and Warehouse Regulations,"City of Aurora, Illinois, Zoning and Planning","Regulations adopted March 25, 2026 (moratorium enacted September 25, 2025)",Web page with ordinances,https://www.aurora.il.us/Property-Business/Zoning-and-Planning/New-Data-Center-and-Warehouse-Regulations,"Aurora's page on the regulations it adopted after a 180-day moratorium on new data centers and warehouses. All new data centers are conditional uses requiring a public hearing, City Council approval, online, newspaper and mailed notice, and water, energy and sound studies with sound verification before final occupancy. Performance standards cover day and night noise, vibration, energy use (modular nuclear prohibited) and water use (evaporative cooling prohibited), plus on-site renewables of 25 percent of peak load or battery storage of 50 percent of peak load for 15 minutes. New and existing data centers must report energy and water use and noise tests annually, certify biometric data protection, test no more than two generators at a time, and monitor vibration continuously. The page explains the moratorium's purpose, its hardship and conditional processing pathways, and the task force and public engagement process.","""All new data centers are conditional use"" | ""Water use limits; evaporative cooling prohibited"" | ""On-site renewable (25% of peak load)"" | ""Currently, Aurora's zoning ordinance and building codes do not include specific standards for data center developments and instead classify them as warehouses.""",Suburban cities considering a moratorium followed by a comprehensive performance-based package.,"The mayor's quoted statement is dated 3/25/2026 and refers to the prior evening, while the presentations list shows a City Council meeting on 03/24/2026; confirm the adoption date in the ordinances.",18 September 2026
"Local planning, zoning and ordinances",Moratoria and prohibitions: Washington,Washington,City Council passes emergency data center moratorium and policy framework,Seattle City Council (news release),"June 9, 2026",News release,https://council.seattle.gov/2026/06/09/city-council-passes-emergency-data-center-moratorium-and-policy-framework/,"Announces unanimous adoption of amended Council Bill 121214, an emergency moratorium on siting new large data centers while the city studies impacts, and Resolution 32204, a policy framework directing departments to analyze grid capacity, water use, utility rates, land use, jobs and public health. The moratorium defines data centers by power capacity over 20 megavolt-amperes and uninterruptible power, can be extended six months, and takes effect immediately with a public hearing required within 60 days. It notes four companies had approached Seattle City Light about five large facilities totaling 369 megawatts, and that smaller colocation facilities serve 911 centers, hospitals and universities.","""Data centers are defined as facilities used primarily for storing and processing digital data, having power capacity over 20 Megavolt-Amperes, and requiring uninterruptible power."" | ""four companies had approached Seattle City Light to build five large-scale data centers"" | ""The ordinance will take effect immediately due to its emergency designation. A public hearing is required within 60 days.""","Cities with municipal utilities, and officials drafting a size-based moratorium that spares small essential facilities.",Part of this note was removed because a number in it could not be matched to the source page.,18 September 2026
"Local planning, zoning and ordinances",Adopted local ordinances: Texas,Texas,"Ordinance 2026 of the City of San Angelo, Texas, creating Zoning Ordinance Section 430 ""Data Centers""","City of San Angelo, Texas, City Council","Passed May 19, 2026; effective May 19, 2026",PDF,https://www.sanangelo.gov/DocumentCenter/View/2255/Data-Center-Sec-430---Land-Use-Regulations-5-20-26-PDF,"Adopted after a proposed project and a consultant-led Northeast Sector Master Plan, it allows new data centers (excluding cryptocurrency mining) only by Conditional Use in Light and Heavy Manufacturing districts, with a detailed site plan, sound study and traffic impact analysis. Generator testing is limited to 9 a.m. to 4 p.m., with ISO 9613 sound modeling before site plan approval and post-occupancy verification.","""New data centers shall be permitted as a principal use by Conditional Use (CU) only"" | ""Minimum front building setback: 300 feet to nearest property line of residentially zoned property"" | ""limited to a maximum sound level of 55 dBa during the daytime and 55 dBa at nighttime"" | ""Generator testing conducted between 9:00 a.m. until 4:00 p.m.""","Texas and other mid-sized cities facing a specific project and needing complete, adoptable standards quickly.",Pages 8 to 10 and 12 to 15 were read only in part. Part of this note was removed because a number in it could not be matched to the source page.,18 September 2026
Community impacts and public opinion,Community opposition and engagement,,$64 billion of data center projects have been blocked or delayed amid local opposition,Data Center Watch (a research project from 10a Labs),undated on page; research timeline printed as May 2024 - March 2025,Web report,https://www.datacenterwatch.org/report,"The first Data Center Watch report catalogs local opposition to data center projects in the 28 states where hyperscalers have projects of 50 MW or more in planning. Its methodology section says it built a database of activist groups and public officials from local media, government filings, petitions, social media and official statements. It defines 'blocked' and 'delayed' projects, then profiles 16 specific cases, including Peculiar, Missouri, where the Planning Commission removed data centers from the zoning ordinance in October 2024, and the PW Digital Gateway in Prince William County, Virginia. It also covers bipartisan opposition, the Virginia Data Center Reform Coalition, recall and council elections (Cascade Locks, Oregon and Warrenton, Virginia), and petition tracking.","""$18 billion worth of data center projects were blocked, and another $46 billion of projects were delayed over the last two years in the face of opposition from residents and activist groups."" | ""There are at least 142 activist groups across 24 states organizing to block data center construction and expansion."" | ""some common themes are higher utility bills, water consumption, noise, impact on property value, and green space preservation."" | ""55% of the politicians who had taken public positions against the data center projects were Republicans, and 45% were Democrats.""","Local elected officials, planning commissioners and economic development staff who want to understand why projects stall and what concerns residents raise; especially useful for Missouri officials because of the Peculiar case study.","The report itself says attributing delays exclusively to opposition 'oversimplifies a complex landscape' and that 'some figures reflect estimates that may change.' It states it does not assess the merits of activist concerns. Data Center Watch is run by 10a Labs; the page describes its research as 'objective, fact-based, and nonpartisan' but the report frames opposition as a development risk.",18 September 2026
Community impacts and public opinion,Community opposition and engagement,,Data Center Watch Report Q2 2025 UPDATE: 125% Surge in Data Center Opposition,Data Center Watch (10a Labs),undated on page; research timeline printed as Late March 2025 - June 2025,Web summary page,https://www.datacenterwatch.org/q22025,"This quarterly update summarizes opposition activity from late March to June 2025. The public page gives key takeaways only: the number of projects blocked or delayed, the dollar value affected, growth in the count of active opposition groups, and the rise of tax abatement rollbacks as a political risk (citing suspended projects in Minnesota and South Dakota). It notes petitions, public hearings and grassroots organizing reshaping approval processes, especially in Indiana and Georgia.","""In just three months, 20 projects were blocked or delayed amid local opposition, affecting $98 billion in potential investment"" | ""Community opposition continues to grow, with 53 active groups across 17 states targeting 30 data center projects in Q2 alone, bringing the total to 188 groups nationwide."" | ""During this period, 66% of the tracked protested projects were blocked or delayed.""",Officials tracking how quickly local opposition is growing and how tax abatement debates affect project risk.,Only a summary is public; the page says 'Interested in purchasing the report?' Same publisher caveats as the first Data Center Watch report.,18 September 2026
Community impacts and public opinion,Community opposition and engagement,,Q3-Q4 2025 UPDATE: Data center opposition has consolidated,Data Center Watch (10a Labs),undated on page; research timeline printed as July 2025 - December 2025,Web summary page,https://www.datacenterwatch.org/q3-q4-2025,"This update covers the second half of 2025 and argues that community opposition is now a core element of data center development rather than an anecdotal issue. Its key takeaways describe opposition moving into litigation, moratoria and challenges to by-right development, and into state legislatures, utility regulation and elections, naming Virginia, New Jersey and Georgia.","""In 2025, local opposition blocked or delayed dozens of data center projects representing $152B in potential investment.""",Officials weighing whether to keep data centers as a by-right use or require legislative approval.,Summary page only. The page title in the browser still read 'Q2 2025 UPDATE' although the body is the Q3-Q4 update. Same publisher caveats as above.,18 September 2026
Community impacts and public opinion,Community opposition and engagement,,Q1 2026: Data Center Watch Report,Data Center Watch (10a Labs),undated on page; research timeline printed as January 2026 - March 2026,Web summary page,https://www.datacenterwatch.org/q1-2026,"The most recent Data Center Watch update reports the largest single-quarter concentration of blocked and delayed projects it has recorded. It describes a 'structural shift' in which communities have internalized an opposition playbook, legislative sessions introduced regulatory uncertainty, and moratoria expanded from local exceptions to a multi-front political fight.","""at least 75 projects worth approximately $130 billion disrupted by local opposition"" | ""the number of active opposition groups more than doubled across 49 states""",Anyone briefing a council or commission on the current national climate for data center approvals.,Summary page; underlying project list not public on this page. Publisher caveats as above.,18 September 2026
Community impacts and public opinion,Public opinion,,"How Americans view data centers’ impact in key areas, from the environment to jobs","Pew Research Center (John Gramlich, Brian Kennedy, Colleen McClain, Galen Stocking)","March 12, 2026",Web article,https://www.pewresearch.org/short-reads/2026/03/12/how-americans-view-data-centers-impact-in-key-areas-from-the-environment-to-jobs/,"Pew's first survey on data centers, fielded Jan. 20-26, 2026 among 8,512 adults, asks whether data centers are mostly good or bad for five areas: the environment, home energy costs, quality of life nearby, local jobs and local tax revenue. It breaks results down by party, ideology, age and how much people have heard about data centers. The article finds attitudes more negative than positive on environment, energy costs and quality of life, and more positive than negative on jobs and tax revenue, with a large share unsure.","""Far more say data centers are mostly bad than good for the environment (39% vs. 4%), home energy costs (38% vs. 6%) and the quality of life for those nearby (30% vs. 6%)."" | ""More adults say data centers are mostly good than bad for local jobs (25% vs. 15%) and local tax revenue (23% vs. 12%)."" | ""54% of adults under 30 say data centers have a mostly negative effect on the environment.""","Elected officials and engagement staff designing public hearings or outreach, who need a neutral national baseline on what residents expect good and bad from data centers.",National survey; it does not measure attitudes toward a specific local project. Around one in five or more said they were not sure in each area.,18 September 2026
Community impacts and public opinion,Public opinion,,Americans Oppose AI Data Centers in Their Area,Gallup (Jeffrey M. Jones),"May 13, 2026",Web article with linked PDF of question responses,https://news.gallup.com/poll/709772/americans-oppose-data-centers-area.aspx,"Gallup's first question on local data center construction, from a March 2-18, 2026 survey, uses the same wording Gallup uses for local nuclear power plants, allowing a direct comparison. A follow-up open-ended question on an April Gallup Panel web survey asked why people favor or oppose a local data center. The article reports reasons for opposition (resource use, pollution including noise, quality of life, utility bills) and reasons for support (jobs, tax revenue), plus differences by party, gender and region.","""Seven in 10 Americans oppose constructing data centers for artificial intelligence in their local area, including nearly half, 48%, who are strongly opposed."" | ""53% of Americans say they oppose building a nuclear energy plant in their area, far less than the 71% opposed to data center construction."" | ""two-thirds of those in favor of building data centers in their area cite the economic benefits, including 55% who mention increased job opportunities specifically."" | ""Opposition is slightly lower among those living in the West (63%) and East (68%) than in the Midwest (76%) and South (75%).""","Midwest officials in particular, since the regional breakdown shows the highest opposition in the Midwest and South; also useful for anyone drafting public engagement plans around the reasons residents give.","Question asks about 'data centers for artificial intelligence' specifically, which may produce different answers than a generic question.",18 September 2026
Community impacts and public opinion,Public opinion,,"Opposition to Local Data Centers Rises Sharply, Annenberg Survey Finds",Annenberg Public Policy Center of the University of Pennsylvania,"August 11, 2026",Web press release with downloadable topline and methodology,https://www.annenbergpublicpolicycenter.org/opposition-to-local-data-centers-rises-sharply-annenberg-survey-finds/,"APPC's Institutions of Democracy division surveyed 1,320 U.S. adult citizens from June 16 to July 19, 2026 and compared results with its survey ending in March 2026. The release finds that opposition to local data centers rose sharply while broader views of AI stayed stable, meaning the change is concentrated on the physical facility near people's homes. It reports results by party and age and gives the method: SSRS fielded the survey primarily online with a small phone sample, weighted to population benchmarks.","""Three in five Americans (61%) now somewhat or strongly oppose the construction of new data centers in their area, up from 49% in the survey ending in March."" | ""Majorities of Democrats (69%), Republicans (54%) and independents (53%) oppose new local data centers."" | ""The margin of error for the full sample is ±3.5 percentage points, and it is larger for subgroups.""","Officials who want a trend line, not a single snapshot, of how local sentiment is moving in 2026.",Margin of error is stated as plus or minus 3.5 points; subgroup estimates are less precise.,18 September 2026
Community impacts and public opinion,Public opinion,,Just 1 in 9 Americans Support AI Data Center Construction in their Local Communities,"UMass Amherst Poll, University of Massachusetts Amherst","September 14, 2026",Web report with executive summary,https://www.umass.edu/poll/about/reports/2026-09-national-public-opinion-poll-2,"This national poll of 1,000 respondents, fielded August 21-26, 2026, asks about support for an AI data center in the respondent's local community and about the President's handling of AI. The report has sections for an executive summary, press release, 'Views on AI Data Centers,' methodology and toplines. It lists the reasons opponents gave, including environmental or natural resource use, land use and local disruptions, distrust of AI and the industry, and utility bills.","""just 11% of Americans say they would support the construction of an artificial intelligence data center in their local community, while 65% oppose their construction."" | ""even Republicans oppose a data center in their community by nearly 3-to-1, 52% to 18%.""",Officials who want the most recent national reading (fielded late August 2026) before a hearing.,Stated margin of error 3.5%. Question wording specifies an 'artificial intelligence data center.',18 September 2026
Community impacts and public opinion,Public opinion,,"Data Centers Are Americans’ Least Favored Form of Development, New Research From Public First and ITIF Shows",Information Technology and Innovation Foundation (ITIF) with Public First,"August 26, 2026",Web press release,https://itif.org/publications/2026/08/26/data-centers-are-americans-least-favored-form-of-development/,"An online survey of 2,007 U.S. adults conducted August 8-12, 2026 compared support and opposition for 10 types of local development, from new housing and roads to warehouses, power plants and data centers. It found data centers ranked last by a wide margin. It also asked whether people would rather leave land with no other viable use undeveloped than host a data center, and how support changes by the stated purpose of the data center (online banking or streaming versus AI training).","""Nearly half of Americans (46 percent) oppose new data center developments in their communities, and barely a quarter (26 percent) support them"" | ""49 percent say they would prefer it to stay undeveloped and unused, and 33 percent would choose to have the land developed with a new data center.""","Planners comparing public acceptance of data centers with other land uses they regularly approve, such as warehouses and housing.",ITIF is a technology policy think tank that describes its mission as promoting policies that 'accelerate innovation'; the survey was conducted by Public First in partnership with ITIF.,18 September 2026
Community impacts and public opinion,Cross-cutting community impacts,,"From Energy Use to Air Quality, the Many Ways Data Centers Affect US Communities (page title: 7 Ways Data Centers Affect US Communities)",World Resources Institute (Carla D. Walker and Ian Goldsmith),"February 17, 2026",Web explainer,https://www.wri.org/insights/us-data-center-growth-impacts,"WRI's explainer walks through seven impact areas: energy demand and power bills, local water supplies, air pollution and climate, noise, competition for land, pressure on marginalized communities, and economic trade-offs. Each section pairs the impact with governance responses (for example dedicated rate classes, water-use disclosure, battery storage instead of diesel, setbacks and noise monitoring, agricultural zoning, community benefits agreements). It ends with a 'Summary of Governance Tools' table and examples of local action such as Jerome Township, Ohio's moratorium, Prince George's County, Maryland's task force and Lancaster, Pennsylvania's community benefits agreement.","""Two-thirds of all data centers built or in development since 2022 are located in water-stressed areas like southern Arizona, the Colorado River Basin and Texas."" | ""In 2024, the average data center site covered about 224 acres or 0.35 square miles"" | ""A review of more than 1,200 U.S. data centers found that even the largest employ fewer than 150 permanent workers, and sometimes as few as 25."" | ""A review of 31 Virginia municipalities with existing or proposed data centers found that 25 (80%) had NDAs in place.""",Any local official who needs one readable overview of the full range of community impacts and a menu of tools; a good first read before commissioning local studies.,Explainer that synthesizes other studies rather than presenting new data; WRI is an environmental research organization.,18 September 2026
Community impacts and public opinion,Local fiscal impacts,Virginia,Data Centers: Tax Revenues & County Budget,"Loudoun County, Virginia (County Administrator)",undated on page (references the adopted FY 2027 budget and tax year 2026 rates),County web page,https://www.loudoun.gov/6409/Tax-Revenues-County-Budget,"Loudoun County explains how data center revenue, mainly business personal property tax on computer equipment plus real estate tax, has shaped its budget. Tabs cover Tax Rates, Data Center Revenue, Data Centers and Taxes, and Stabilizing Budget Growth. The county lists what the revenue has funded (schools, public safety, libraries, parks, capital projects) and warns against overdependence on one revenue source, projecting that personal property tax growth from data centers will plateau.","""Over the past ten years, the Board of Supervisors has generally lowered the real property tax rate every year from $1.145 in tax year 2016 to $0.805 cents per $100 in assessed value for tax year 2026."" | ""the general personal property tax rate, which applies to property in data centers, remains the same as the current rate for tax years 2026 and 2027: $4.15 per $100 in assessed value.""",Finance directors and budget committees modeling how data center revenue could be used and what happens when it stops growing.,Reflects one county with the world's largest concentration of data centers and Virginia's tax structure; results will differ where equipment is exempted or abated.,18 September 2026
Community impacts and public opinion,Water use,Virginia,Data Centers: Water Considerations,"Loudoun County, Virginia (County Administrator)",undated on page (cites 2025 figures),County web page,https://www.loudoun.gov/6402/Water-Considerations,"Loudoun County describes how local data centers use a mix of cooling approaches, how Loudoun Water built a reclaimed wastewater system in 2010 to serve early data centers, and how developers consult water and wastewater authorities before proposals. It notes that a special exception process adopted in March 2025 gives officials and the public more visibility into water impacts, and discusses wastewater from open-loop cooling.","""On an average day, data centers in Loudoun account for 9% of total potable water use."" | ""the system delivered more than 750 million gallons of reclaimed water to roughly 40 customers in 2025, directly offsetting potential use of potable water.""",Water utility managers and planners considering reclaimed water requirements or a discretionary review step for water-intensive proposals.,"Figures are attributed to Loudoun Water; county page, not an independent study.",18 September 2026
Community impacts and public opinion,Property values and jobs,Virginia,"Data Centers: Appearance, Land Values & Workforce","Loudoun County, Virginia (County Administrator)",undated on page,County web page,https://www.loudoun.gov/6407/Appearance-Land-Values-Workforce,"This county page addresses aesthetics, residential property values and workforce effects of data centers. On property values it explains why a measurable effect is hard to detect in a tight housing market and that assessments have not shown discounts near data centers. On jobs it gives a direct and indirect employment estimate and notes each data center needs relatively few staff once operating.","""Assessing the impact of data centers on residential property values is complicated."" | ""no impacts to housing prices due to proximity to a data center are apparent at this time."" | ""Data centers are responsible for the creation of more than 15,000 jobs, directly and indirectly, in Loudoun County.""",Assessors and officials fielding resident questions about home values near proposed sites.,"The county itself says the housing market is tight and that effects could appear if demand waned; this is an assessor's observation, not a statistical study.",18 September 2026
Community impacts and public opinion,Noise,,Communities Are Raising Noise Pollution Concerns About Data Centers,"Environmental and Energy Study Institute (EESI), by Miguel Yañez-Barnuevo","March 23, 2026",Web article,https://www.eesi.org/articles/view/communities-are-raising-noise-pollution-concernsabout-data-centers,"Part of EESI's data center impacts series, this article describes the sources of data center noise (cooling systems, diesel generators, fans), how noise is regulated at the local and state level through zoning ordinances, and EPA's dormant federal noise authority from the 1970s. Its key takeaways note that reliable sound level data is lacking and that most county and community noise ordinances were not written for continuous industrial noise.","""Data centers emit sounds from the humming of cooling systems, rumbling of diesel generators, and whirring of fans, which can be heard for hundreds of feet around them."" | ""Noise pollution is regulated at the local and state levels through zoning ordinances, but for a time in the 1970s, the Environmental Protection Agency oversaw noise pollution and conducted noise-control investigations.""",Council members and code enforcement staff who are hearing noise complaints and need background on why existing ordinances fall short.,Policy explainer from an environmental nonprofit; not original acoustic measurement.,18 September 2026
Community impacts and public opinion,Water use,,Data Centers and Water Consumption,"Environmental and Energy Study Institute (EESI), by Miguel Yañez-Barnuevo","June 25, 2025",Web article,https://www.eesi.org/articles/view/data-centers-and-water-consumption,"This EESI article explains how data centers use freshwater for cooling, why larger AI-focused facilities are increasing water consumption alongside energy use, and which cooling technologies (direct-to-chip and immersion) reduce water and energy use. It is part of EESI's series covering energy, water, noise and energy bills.","""Large data centers can consume up to 5 million gallons per day, equivalent to the water use of a town populated by 10,000 to 50,000 people."" | ""Novel technologies like direct-to-chip cooling and immersion cooling can reduce water and energy usage by data centers.""",Water utility boards and council members who need a plain-language primer on cooling and water.,Explainer from an environmental nonprofit that synthesizes other sources.,18 September 2026
Community impacts and public opinion,Water use,,How Much Water Do Data Centers Use? And Why Does It Matter?,Pacific Institute,Published: September 2026,Issue brief,https://pacinst.org/publication/how-much-water-do-data-centers-use-and-why-does-it-matter/,"The Pacific Institute's issue brief summarizes what is known about data center water use and addresses common misunderstandings. The landing page overview says data centers are a small share of national water use but can be locally significant, especially in water-scarce and rural areas, and that the lack of standardized reporting on data center number, size, location and water use makes impacts hard to assess.","""While data centers represent a relatively small proportion of global or national water use, data center water use can be locally significant, especially in water-scarce and rural areas."" | ""The lack of standardized reporting on the number, size, location, and water use of data centers makes it difficult for communities, water managers, and decision-makers to understand and adequately address potential impacts.""",Rural county officials and water managers who need a balanced framing of national versus local water significance.,Only the web overview was read; the PDF brief would not render as text in the browser.,18 September 2026
Community impacts and public opinion,Water use,,Drained by Data: The Cumulative Impact of Data Centers on Regional Water Stress,Ceres,"September 23, 2025",Report landing page with key findings,https://www.ceres.org/resources/reports/drained-by-data-the-cumulative-impact-of-data-centers-on-regional-water-stress,"Grounded in the Phoenix, Arizona region, this Ceres report examines both direct on-site water use for cooling and indirect water use from the power generation that supplies data centers, and the cumulative effect of clustered facilities in water-stressed areas. It frames these as financial, operational, reputational, legal and regulatory risks and offers recommendations for companies, investors, water managers and policymakers.","""this report finds that indirect water use – primarily from power generation to meet their massive energy needs – has an even greater impact."" | ""Water use associated with data center cooling operations is expected to increase by 870% as more facilities come online, from 385 million gallons a year to more than 3.7 billion gallons"" | ""Data center growth could increase water stress in already strained basins by up to 17% annually""","Officials in arid and fast-growing regions, and anyone evaluating cumulative impacts of multiple projects rather than one site at a time.",Focused on the Phoenix area; Ceres is a sustainability nonprofit working with investors.,18 September 2026
Community impacts and public opinion,Water use,Texas,Thirsty Data and the Lone Star State: The Impact of Data Center Growth on Texas’ Water Supply,"Houston Advanced Research Center (HARC), Margaret Cook, PhD",01.21.2026 (as printed),White paper,https://harcresearch.org/research/thirsty-data-and-the-lone-star-state-the-impact-of-data-center-growth-on-texas-water-supply/,"HARC's white paper examines how current and projected data center growth could affect Texas water supplies and why state water planning may not capture that demand. The page summarizes recommendations including transparent reporting of data center water and electricity use, incentives for water-lean technology on site, and forward-looking forecasting in state water planning.","""existing and proposed data centers could place significant and growing pressure on the state’s already limited water supplies, pressure that is not fully reflected in current state water planning processes."" | ""Texas Data Center Boom Could Consume Up to 161 Billion Gallons of Water Annually by 2030""",Officials in Texas and other states whose regional water plans do not yet account for data center demand.,Texas-specific. Only the landing page was read; the white paper PDF itself was not opened.,18 September 2026
Community impacts and public opinion,Water use,Texas,Balancing the Water Needs of Data Centers and Large Water Users in Texas,"Houston Advanced Research Center (HARC), with Texas Living Waters",07.14.2026 (as printed),Policy recommendations,https://harcresearch.org/research/balancing-the-water-needs-of-data-centers-and-large-water-users-in-texas-with-the-states-vision-for-long-term-water-security/,"Policy recommendations for the 90th Texas Legislature on managing water demand from data centers and other large users. Partners listed are Texas Living Waters, National Wildlife Federation, Hill Country Alliance, Sierra Club Lone Star Chapter and Bayou City Waterkeeper. The recommendations are grouped in four areas: transparency and planning, responsible use, cost recovery from large users, and long-term protection of supplies and communities.","""The policy recommendations focus on four key areas: improving transparency and water-use planning, encouraging responsible use of limited water resources, ensuring large water users pay their fair share of infrastructure costs, and protecting water supplies and communities for the long term.""",Utility and water district officials considering cost-recovery rules for large water users.,Developed with environmental advocacy partners; Texas-focused.,18 September 2026
Community impacts and public opinion,Water use,,"Making AI Less ""Thirsty"": Uncovering and Addressing the Secret Water Footprint of AI Models","arXiv preprint (Pengfei Li, Jianyi Yang, Mohammad A. Islam, Shaolei Ren)",Submitted 6 Apr 2023; last revised 26 Mar 2025 (v5),Academic paper,https://arxiv.org/abs/2304.03271,"This widely cited academic paper estimates the water withdrawal and consumption footprint of AI models, including direct on-site evaporation for cooling. The abstract gives an example estimate for training one large language model and a projection of global AI water withdrawal in 2027, and argues that water footprint should be addressed alongside carbon.","""training the GPT-3 language model in Microsoft's state-of-the-art U.S. data centers can directly evaporate 700,000 liters of clean freshwater"" | ""the global AI demand is projected to account for 4.2-6.6 billion cubic meters of water withdrawal in 2027""",Staff who want the academic origin of many water figures quoted in news coverage.,"Preprint; figures are modeled estimates, and the abstract notes such information 'has been kept a secret' by operators.",18 September 2026
Community impacts and public opinion,Water use and siting,,‘Roadmap’ shows the environmental impact of AI data center boom,"Cornell Chronicle, Cornell University (David Nutt)","November 10, 2025",University news release on a peer-reviewed study,https://news.cornell.edu/stories/2025/11/roadmap-shows-environmental-impact-ai-data-center-boom,"Cornell researchers built a state-by-state estimate of carbon and water impacts from AI data center growth to 2030, published November 10, 2025 in Nature Sustainability. The release reports projected annual carbon dioxide and water impacts and a 'roadmap' of smart siting, grid decarbonization and operational efficiency that would cut those impacts relative to worst-case scenarios. It identifies which regions offer the best combined carbon-and-water profile.","""by 2030, the current rate of AI growth would annually put 24 to 44 million metric tons of carbon dioxide into the atmosphere"" | ""It would also drain 731 to 1,125 million cubic meters of water per year""",State and regional planners thinking about where large facilities should be sited.,University news summary of the study; the paper itself was not opened.,18 September 2026
Community impacts and public opinion,Air emissions,Virginia,Issued Air Permits for Data Centers,Virginia Department of Environmental Quality,"Issued Air Permits for Data Centers as of September 14, 2026",State agency web page with permit list and guidance documents,https://www.deq.virginia.gov/news-info/shortcuts/permits/air/issued-air-permits-for-data-centers,"Virginia DEQ lists the air permits it has issued for data centers (through its regional offices) and links two guidance documents: APG-576 on diesel engine-generator sets and APG-578 on sudden and reasonably unforeseeable events in planned electric outages. The page summarizes the April 2026 revision of APG-576, which sets presumptive Best Available Control Technology and performance testing requirements for emergency and non-emergency generator sets at data centers.","""The revised guidance document, APG-576 - Diesel Engine-Generator Set Procedure for Writing New and Modified Permits, became effective April 9, 2026."" | ""the presumptive BACT for both emergency and non-emergency gen-sets located as data centers is now based on the use of a selective catalytic reduction (SCR) system or equivalent for nitrogen oxides control""","Local officials who want to see what a state air agency now requires of data center generators, and residents' questions about who permits them.",Virginia-specific; individual permit documents were not opened in this session.,18 September 2026
Community impacts and public opinion,Public health and air emissions,,Health-Informed Computing: Estimating and Addressing the Public Health Impact of Data Centers,"arXiv preprint (Yuelin Han, Zhifeng Wu, Pengfei Li, Adam Wierman, Shaolei Ren)",Submitted 9 Dec 2024; last revised 8 Jun 2026 (v4),Academic paper,https://arxiv.org/abs/2412.06288,"This paper (earlier versions were titled 'The Unpaid Toll') introduces a method to model criteria air pollutant emissions from data centers, including backup generators and power generation, and to estimate public health costs. The abstract projects national public health costs to 2028 and finds the burden is unevenly distributed, with the most affected counties facing per-household costs far above the national average. It proposes a 'health-informed computing' framework and recommends that energy reporting include public health impact.","""the growing demand for AI and computing technologies is projected to push the total annual public health burden of U.S. data centers up to more than $20 billion in 2028."" | ""Although national-level impacts remain modest, data center health costs are unevenly distributed""",Health departments and officials weighing cumulative air quality effects in counties with many data centers.,"Preprint; results are modeled projections, and the title and content have been revised across four versions.",18 September 2026
Community impacts and public opinion,Air emissions,,"False emergencies, real pollution: Diesel generator use at data centers","Environment America Research & Policy Center, Frontier Group and U.S. PIRG Education Fund (Quentin Good, Johanna Neumann, Abe Scarr)","May 7, 2026",Web report,https://environmentamerica.org/center/resources/false-emergencies-real-pollution/,"This report examines how data centers use banks of diesel backup generators, when they are permitted to run beyond true emergencies (scheduled outages, grid relief), and the difference in emissions between Tier 2 and Tier 4 generators. It discusses Virginia rule changes and argues battery storage is a cleaner alternative.","""These massive, energy-hungry facilities house dozens of industrial generators, many capable of producing between 1 and 3 megawatts (MW) of power each."" | ""Tier 4 generators are significantly cleaner than those complying with Tier 2, cutting emissions of nitrogen oxides by 88% and particulate matter by 85%."" | ""Until recently, emergency generators (dirtier Tier 2 generators) in Virginia were not allowed to run during planned power outages.""","Officials negotiating conditions on generator tier, run hours or battery backup.",Published by environmental advocacy organizations.,18 September 2026
Community impacts and public opinion,Air emissions and noise,,Data Centers’ Use of Diesel Generators for Backup Power Is Commonplace: and Problematic,Inside Climate News (Arcelia Martin),"November 12, 2025",News article,https://insideclimatenews.org/news/12112025/data-center-diesel-generators-noise-pollution/,"This nonprofit newsroom article reports on how diesel backup generators at data centers are permitted, with a focus on Texas (TCEQ) and federal limits on non-emergency run hours, including hours that can be used for demand response. It covers noise and pollution concerns and industry interest in gas generators as an alternative.","""But for non-emergencies, like machine testing, diesel generators are federally limited to 100 hours."" | ""Fifty of those 100 hours can be used for demand response programs""",Officials who need a plain explanation of generator run-hour limits and demand response.,Journalism rather than research. The article's actual headline uses an em dash; it is rendered here with a colon.,18 September 2026
Community impacts and public opinion,Farmland and land use,Wisconsin,Data Center Impacts on Agriculture,Wisconsin Farm Bureau Federation,undated on page (cites WEDC certifications 'as of February 2025'),Issue backgrounder,https://wfbf.com/policy/current-issues/state-agricultural-issues/data-center-impacts-on-agriculture/,"Written for farmers facing a nearby data center proposal, this backgrounder covers land requirements, energy demand and who pays for power infrastructure, cooling and water use (including rural high-capacity wells), stormwater runoff, 24/7 lighting and noise, utility easements, jobs, and Wisconsin's sales and use tax exemption for certified data centers. It closes with considerations for farmers before development.","""Data centers need a minimum of 40 acres for a small center and upwards of 1000 acres for a large center."" | ""rural locations may require multiple high-capacity wells running on an ongoing basis."" | ""in the long term they support a rather limited number of jobs for the size of the investment.""","Rural township and county officials, and farm neighbors, weighing rezoning of agricultural land.",Advocacy organization representing farmers; Wisconsin-specific tax details.,18 September 2026
Community impacts and public opinion,"Local economic, housing and water effects",,Data Centers and Local Economies in the Age of AI: A Shift: Share Approach (NBER Working Paper 35194),"National Bureau of Economic Research (Fernando E. Alvarez, David Argente, Joyce Chow, Diana Van Patten)",Issue date May 2026; revision date September 2026,Academic working paper,https://www.nber.org/papers/w35194,"The authors link a facility-level panel of U.S. data centers to county measures of employment, establishments, payroll, income, house prices, electricity prices and public-supply water withdrawals. To handle the fact that developers choose sites, they build an instrument from historical fiber-route geography (railroad corridors and backbone access points). They report effects after the modern expansion began, and dynamic long-difference estimates over time.","""the estimates show positive effects on total employment, construction employment, establishments, payroll, tax returns, adjusted gross income, and wages."" | ""sustained increases in house prices and public-supply withdrawals, and positive effects on electricity prices that emerge later.""",Economic development directors and finance staff who want peer-level causal evidence rather than industry impact studies.,"Working paper, not yet peer reviewed; only the abstract page was read.",18 September 2026
Community impacts and public opinion,Jobs and property values,,New evidence on data center employment effects,Brookings Institution (Dany Bahar and Greg Wright),"Originally published May 4, 2026; updated August 10, 2026",Research brief,https://www.brookings.edu/articles/new-evidence-on-data-center-employment-effects/,"This brief summarizes the authors' paper 'Data Centers and Local Labor Markets,' which compares labor markets that received their first large data center with control markets. It reports effects on data processing and telecommunications employment, wages and home prices over the first decade, and finds effects differ by facility type. An editor's note says earlier findings on employment, wages and home prices were revised with an expanded sample.","""Labor markets that receive their first large data center see employment rise in the data processing sector by 56% over the first decade of operations."" | ""Wages were unchanged, and we find a modest increase in home prices of 2%-5%."" | ""At a typical treated county, these estimates imply roughly 100-200 jobs, depending on facility type.""",Officials evaluating job claims in a developer's application or an incentive request.,The editor's note says results were revised and research is continuing; the full paper is 'available from the authors.',18 September 2026
Community impacts and public opinion,Local economic development,,"Turning the data center boom into long-term, local prosperity","Brookings Institution (Daniel Goetzel, Mark Muro, Shriya Methkupally)","February 5, 2026",Web article,https://www.brookings.edu/articles/turning-the-data-center-boom-into-long-term-local-prosperity/,"The authors argue that the standard model of fast, opaque data center dealmaking delivers short-term construction jobs and revenue but little lasting local economic benefit. They say competition for sites, grid access and permits gives regions leverage, and cite early examples of negotiated co-investments that anchor regional tech ecosystems.","""Regions should treat data center negotiations not as isolated real estate transactions but as ecosystem-shaping moments that trade infrastructure access for commitments to advance local innovation, talent, and industry strengths.""",Economic development officials preparing to negotiate development or community benefit agreements.,Policy commentary; examples are illustrative.,18 September 2026
"Industry, markets and technical explainers",Industry association,,Reports & Publications,Data Center Coalition (DCC),undated (index page; newest items listed May 2026),Web page,https://www.datacentercoalition.org/reports-and-publications,"Lists the reports the Data Center Coalition has released, newest first. The May 2026 entries are an Energy + Environmental Economics (E3) report on data centers and electricity rates and a PwC report, commissioned by DCC, on the economic contributions of the U.S. data center industry for 2023 to 2024 at national and state level. Earlier entries include a February 2025 PwC national and state study and a February 2025 report on Texas state and local tax revenues from data centers. Each entry links to a downloadable report or research note.","""Economic Contributions of Data Centers in the United States, 2023-2024"" | ""A new report from PwC, commissioned by DCC"" | ""Report: Texas State and Local Tax Revenues from Data Centers""",Staff who want to see the full set of industry-sponsored economic and rate studies that developers are likely to cite in a local hearing.,Every study on this page was commissioned or funded by the industry's trade association. Treat findings as the industry's case and compare them with independent sources.,18 September 2026
"Industry, markets and technical explainers",Industry-funded economic impact study,,"2026 Impact Study (page heading: 2026 PwC Report, Economic contributions of U.S. data centers, 2023-2024)",Data Center Coalition (report prepared by PwC); hosted on DCC's Center of Your Digital World site,May 2026 (per DCC reports page),Web summary page with link to full PDF report,https://www.centerofyourdigitalworld.org/2026-impact-study,"Summarizes a PwC study, commissioned by the Data Center Coalition, of the data center industry's economic contributions in 2023 and 2024 for the nation, all 50 states and the District of Columbia. Highlights are grouped into Employment, Value Added (GDP) and Taxes. The totals include direct, indirect and induced effects, meaning they count supplier and household spending ripple effects, not only people working inside data centers. The page links to the full report for state-level tables.","""In 2024, the U.S. data center industry directly employed 1,005,080 people."" | ""each direct job in the data center industry supports more than 4.5 jobs elsewhere"" | ""grew from $768 billion in 2023 to $927 billion in 2024"" | ""increased from $165 billion in 2023 to $204 billion in 2024""",Economic development staff and elected officials weighing claims about jobs and tax base; useful for knowing what numbers an applicant may present.,"Commissioned and published by the industry trade association. National and state totals include indirect and induced effects and are not a measure of permanent on-site jobs at any single facility. The page does not describe local, facility-level results.",18 September 2026
"Industry, markets and technical explainers",Industry explainer (plain language),,About Data Centers,Data Center Coalition (Center of Your Digital World site),undated,Web page,https://www.centerofyourdigitalworld.org/about-centers,"Defines a data center in everyday terms and explains that anything done in the cloud runs in one. A section titled Inside a data center lists the IT equipment (routers, switches, firewalls, storage systems, servers) and the supporting systems (power subsystems, uninterruptible power supplies, ventilation, cooling, fire suppression, backup generators and network connections). It also asserts community benefits. The footer states the site is powered by the Data Center Coalition, the industry's trade association.","""Data centers are buildings that house the internet."" | ""uninterruptible power supplies (UPS)""",Residents and new officials who need a two-minute introduction to the physical components of a data center.,"Written by the industry trade association as advocacy. The benefits section is promotional and gives no sourcing; it omits impacts such as noise, water use and grid costs.",18 September 2026
"Industry, markets and technical explainers",Industry-funded rate study,,Understanding the Drivers of Rising Electricity Rates and the Role of Data Centers,"Energy and Environmental Economics, Inc. (E3); funded by the Data Center Coalition",May 2026,PDF white paper,https://www.ethree.com/wp-content/uploads/2026/05/Understanding-the-Drivers-of-Rising-Electricity-Rates-and-the-Role-of-Data-Centers_E3-2026.pdf,"Includes a Report in Brief, an Executive Summary, two primers (how power markets work, and retail rate design and cost allocation), a section on how the regulatory system protects customers, a review of data center rate impacts to date, drivers of rising electricity rates, and select market overviews. It argues rate increases stem from many factors such as market design, fuel cost volatility, generation retirements, inflation and other utility investments, not load growth alone. It calls for regular updates to utility cost allocation across customer classes. The acknowledgments state the report was funded by the Data Center Coalition, which reviewed it before publication, while E3 says the conclusions are its own.","""there is no evidence that data centers have been historically subsidized by other customers"" | ""Regular updates to utility cost allocation across customer classes will be critical"" | ""This report was funded by the Data Center Co[alition]""","Officials and utility commission watchers who want the industry-sponsored view on rate impacts, to read alongside independent or regulator analyses.","Funded by the Data Center Coalition and reviewed by it before publication. It is a review of prior studies, not new ratepayer data for any specific utility, and its conclusions concern historical impacts under existing rate structures.",18 September 2026
"Industry, markets and technical explainers",Industry survey (public summary),,"Uptime Institute 16th Annual 2026 Global Data Center Survey: Deployment of High Density Racks Rising Fast, Operators Face Continued Recruiting and Retention Pressures",Uptime Institute,"July 28, 2026",Press release,https://uptimeinstitute.com/about-ui/press-releases/16th-annual-2026-global-data-center-survey-deployment-of-high-density-racks-rising-fast-operators-face-continued-recruiting-and-retention-pressures,"Summarizes Uptime Institute's 16th annual survey of more than 800 data center owners and operators, about one in four of whom work for third-party providers such as colocation and cloud firms. Findings cover rising costs and concerns about capacity forecasting, power availability and supply chains; only minor improvement in average Power Usage Effectiveness (PUE) because of legacy facilities; rising rack power densities with more operators reporting peaks of 30 kW or higher; fewer but costlier outages; worsening staffing shortages; and more operators tracking water use while carbon tracking remains a minority activity.","""The industry saw minor improvements in average Power Usage Effectiveness (PUE) levels this year."" | ""One in ten outages is still classified as serious or severe"" | ""more than half of all operators now recording their water consumption"" | ""collected responses from more than 800 data center owners and operators""","Officials who want to understand operator-side trends (density, water tracking, reliability) behind the requests they receive.","Uptime Institute is a commercial firm that sells research subscriptions and certifications. Only this press summary was read; the full report is published through Uptime Intelligence and its access terms were not verified. Survey results are self-reported and global, not U.S.-local.",18 September 2026
"Industry, markets and technical explainers",Industry survey (public summary),,"Uptime's 15th Annual Global Data Center Survey Results Shows Both Commitment and Hesitancy as Industry Plans for Wider AI Usage, Climate Change Reporting, and the NVIDIA Revolution to Come",Uptime Institute,"July 30, 2025",Press release,https://uptimeinstitute.com/about-ui/press-releases/uptimes-15th-annual-global-data-center-survey-results-shows-both-commitment-and-hesitancy,"Summarizes the 2025 edition of Uptime's global operator survey. It reports that cost remains the top management concern while worries about forecasting future capacity grew, that average PUE showed little change for a sixth consecutive year, that racks in the 10 to 30 kW range are becoming more common while few facilities exceed 30 kW, and that collection of sustainability metrics did not improve in 2025. It also notes roughly one-third of owners and operators perform some AI training or inference.","""Average PUE levels show little change for the sixth consecutive year"" | ""greater adoption of racks in the 10–30 kW range"" | ""The collection and reporting of key sustainability metrics have not improved in 2025""",Readers comparing year-over-year operator trends; pairs with the 2026 release.,Commercial research firm; press summary only; survey is global and self-reported. Superseded in part by the 2026 survey.,18 September 2026
"Industry, markets and technical explainers",Industry reliability research (public summary),,Uptime Announces Annual Outage Analysis Report 2026,Uptime Institute (Uptime Intelligence),"May 13, 2026",Press release,https://uptimeinstitute.com/about-ui/press-releases/uptime-announces-annual-outage-analysis-report-2026,"Reports that per-site outage frequency has declined for the fifth consecutive year, though the pace of improvement has slowed. It notes that in publicly reported outages, failures of external infrastructure are becoming more prominent and fiber and connectivity outages are rising. Uptime's research director argues failures will increasingly come from complex interactions among software, networks and external dependencies, including power availability, rather than single points of failure inside the building.","""outage frequency on a per-site basis is declining"" | ""approximately 1 in 10 note their last outage had serious or severe impacts"" | ""digital infrastructure is remarkably resilient""","Emergency management and utility staff interested in why operators want redundant power, backup generators and multiple fiber routes.",Commercial research firm; press summary only; full report access not verified.,18 September 2026
"Industry, markets and technical explainers",Industry standard (reliability tiers) / glossary,,Uptime Institute Tier Classification System,Uptime Institute,undated,Web page,https://uptimeinstitute.com/tiers,"Describes Uptime's four progressive Tiers, which define criteria for maintenance, power, cooling and fault capabilities, plus a second component called operational sustainability. Tier I is the basic level with a UPS, dedicated cooling and an engine generator. Tier III is concurrently maintainable, with redundant components and distribution paths so equipment can be maintained without shutdown. Tier IV has several independent and physically isolated systems. The page states that a higher Tier is not simply better; the Tier should fit the business need, and building codes, weather, security and property use are outside the standard.","""This progression does not mean that a Tier IV data center is better than a Tier II"" | ""A Tier III data center is concurrently maintainable"" | ""An engine generator for power outages.""","Planning staff decoding an applicant's claim of a Tier III or Tier IV design and what that implies for generators, fuel storage and redundant equipment yards.",Uptime is the only licensed certifier of its own Tier system and the page is partly marketing for certification services. It does not address local land use impacts.,18 September 2026
"Industry, markets and technical explainers",Standards body definition (PUE),,PUE: A Comprehensive Examination of the Metric (White Paper #49),The Green Grid (copy hosted by Lawrence Berkeley National Laboratory Center of Expertise),2012,PDF white paper,https://datacenters.lbl.gov/sites/default/files/WP49-PUE%20A%20Comprehensive%20Examination%20of%20the%20Metric_v6.pdf,"Consolidates The Green Grid's earlier PUE publications into a single reference. The Executive Summary states PUE is the industry-preferred metric for infrastructure energy efficiency and was developed by The Green Grid, a non-profit open industry consortium, with original publication in 2007. The paper explains that PUE compares total facility energy with IT equipment energy and cautions that it is not a productivity metric or a standalone comprehensive efficiency metric. Later sections cover measurement methodology and reporting.","""PUE measures the relationship between the total facility energy consumed and the IT equipment energy consumed."" | ""PUE is not a data center productivity metric"" | ""Since its original publication in 2007, PUE has been globally adopted by the industry.""","Staff who need the authoritative definition when an applicant quotes a design PUE, and who want to know its limits.",Produced by an industry consortium whose members include equipment makers and operators. Dated 2012; methodology is stable but market context is old. PUE says nothing about water use or total size of load.,18 September 2026
"Industry, markets and technical explainers",Standards body definition (WUE),,WP#35 - Water Usage Effectiveness (WUE): A Green Grid Data Center Sustainability Metric,The Green Grid,"01 March, 2011",Web abstract page,https://archive.thegreengrid.org/en/resources/library-and-tools/238-WP,"The public abstract explains that The Green Grid created WUE to address water use, which it describes as emerging as extremely important to data center design, location and operation. WUE is presented as a companion to PUE and Carbon Usage Effectiveness (CUE), so operators can assess water, energy and carbon aspects together. The editor and contributors are listed from Intel, Symantec, Microsoft and Emerson.","""the WUE metric is a natural extension of PUE"" | ""emerging as extremely important in the design, location, and operation of data centers""",Water utility and planning staff who want the origin of the WUE metric an applicant may cite.,Only the abstract is public; the full paper requires sign-in on The Green Grid site and was not read. Industry consortium authorship; dated 2011.,18 September 2026
"Industry, markets and technical explainers",Standards body resource hub,,ASHRAE Data Center Resources,ASHRAE,undated,Web page,https://www.ashrae.org/technical-resources/bookstore/datacom-series,"Lists ASHRAE's Datacom book series and research, plus a section titled Free Resources: White Papers and Technical Bulletins. Free titles listed include Emergence and Expansion of Liquid Cooling in Mainstream Data Centers, Edge Computing: Considerations for Reliable Operation, Data Center Power Equipment Thermal Guidelines and Best Practices, and Water-Cooled Servers Common Designs, Components, and Processes. It also lists ASHRAE government engagement items, such as a letter to GSA on federal data centers.","""Free Resources: White Papers and Technical Bulletins"" | ""Emergence and Expansion of Liquid Cooling in Mainstream Data Centers""","Technical staff looking for free, standards-body explanations of liquid cooling and edge data centers.","ASHRAE is a professional society that sells most of its publications; only the free items are openly available. Index page, not analysis.",18 September 2026
"Industry, markets and technical explainers",Standards body (infrastructure standard),,ANSI/TIA-942 Standard,Telecommunications Industry Association (TIA),undated (describes revision TIA-942-C),Web page,https://tiaonline.org/products-and-services/tia942certification/ansi-tia-942-standard/,"Describes ANSI/TIA-942, the Telecommunications Infrastructure Standard for Data Centers, now in revision C, which TIA says was updated for data growth, AI and sustainability. It specifies minimum requirements across physical infrastructure including site location, architectural, electrical, mechanical, fire safety, telecommunications and security. TIA lists the standard's claimed advantages, including coverage of topologies, redundancy, fire protection and physical security, and promotes its TIA-942 audit and certification services. The standard itself must be purchased.","""specifies the minimum requirements for data centers and covers all physical infrastructure"" | ""Covers architecture and topologies, as well as electrical design, mechanical design, fire protection""",Building officials and fire marshals who want to know which private design standard an applicant may reference.,Industry association page that promotes paid certification and sale of the standard; full standard not read. Not a substitute for local building and fire codes.,18 September 2026
"Industry, markets and technical explainers",National laboratory news summary,,Berkeley Lab Report Evaluates Increase in Electricity Demand from Data Centers,Lawrence Berkeley National Laboratory News Center,date not printed on the page,News article,https://newscenter.lbl.gov/2025/01/15/berkeley-lab-report-evaluates-increase-in-electricity-demand-from-data-centers/,"Summarizes the 2024 Report on U.S. Data Center Energy Use, which covers 2014 to 2028. It reports that data center load growth tripled over the past decade and is projected to double or triple by 2028, gives the share of total U.S. electricity used by data centers in 2023 and the projected range for 2028, and notes that power demand more than doubled from 2017 to 2023, largely due to AI servers. It quotes lead researcher Arman Shehabi on how much the industry has changed since 2016.","""consumed about 4.4% of total U.S. electricity in 2023"" | ""expected to consume between 6.7 and 12% of total U.S. electricity by 2028"" | ""climbed from 58 TWh in 2014 to 176 TWh in 2023""",Elected officials and communications staff who need the headline national numbers in plain language.,Summary of a larger report; national figures only.,18 September 2026
"Industry, markets and technical explainers","Federal technical guide (cooling, power, metrics)",,Best Practices Guide for Energy-Efficient Data Center Design,"U.S. Department of Energy, Federal Energy Management Program (FEMP)","Revised July 2024 (web page dated July 26, 2024)",PDF guide,https://www.energy.gov/sites/default/files/2024-07/best-practice-guide-data-center-design_0.pdf,"Organized into chapters on IT systems (including a section on cloud and colocation computing), environmental conditions based on the 2021 ASHRAE thermal guidelines, air management (aisle separation and containment), cooling systems (direct expansion, air handlers, chilled water, free cooling, thermal storage, direct liquid cooling, humidification and controls), electrical systems (power distribution, demand response, DC power, lighting), use of waste heat, and benchmarking with PUE and Energy Reuse Effectiveness. It also references WUE and CUE as tracking metrics. It is the most complete free, government-authored primer on cooling types found.","""PUE is defined as the ratio of the total annual energy to run the data center facility to the total annual energy drawn by all IT equipment"" | ""5.4 Free Cooling"" | ""7.1 Use of Waste Heat""",Staff who need to understand cooling system types (and therefore water and noise implications) and efficiency metrics in an application.,"Written for federal facility designers; technical in places. Focuses on efficiency, not local land use, tax or community impacts.",18 September 2026
"Industry, markets and technical explainers",Federal efficiency program,,Data Centers,ENERGY STAR (U.S. Environmental Protection Agency),undated,Web page,https://www.energystar.gov/products/data_centers,"Explains that data centers are not only large standalone tech campuses but can exist in commercial buildings and industrial facilities. Lists benefits of efficiency (financial savings, energy savings, security, system performance) and links to resources on data center equipment, HVAC and air flow, IT solutions, the data center building, and renewable energy procurement. Additional resources include the energy cost of cryptocurrency, embedded data centers, data center efficiency for utilities, and case studies.","""data centers can exist anywhere, including in commercial buildings and industrial facilities"" | ""Data Center Efficiency for Utilities""","Sustainability staff and municipal facility managers, including those running their own server rooms.","Focused on efficiency of existing facilities, not siting or community impacts. Undated.",18 September 2026
"Industry, markets and technical explainers",Federal efficiency program (data),,ENERGY STAR Certified Data Centers,ENERGY STAR (U.S. Environmental Protection Agency),undated (list includes certifications through 2024),Web table,https://www.energystar.gov/buildings/certified-data-centers,"Lists ENERGY STAR certified data centers with facility name, state, owner, property manager, label years, total floor space, year constructed and number of certifications. To respect security concerns, only the state is shown, not the address. Officials can use it to check whether a named operator has certified any existing facilities.","""ENERGY STAR Certified Data Centers (336)"" | ""only the state in which the data center is located is displayed""",Staff checking an applicant's efficiency track record at existing facilities.,Voluntary program; absence from the list does not mean a facility is inefficient. Shows state only. Certification reflects information submitted at application time.,18 September 2026
"Industry, markets and technical explainers",Utility-sector initiative (grid flexibility),,DCFlex (Data Center Flexible Load Initiative),Electric Power Research Institute (EPRI),undated,Initiative website,https://dcflex.epri.com/,"DCFlex is organized into workstreams on data center design, programs, interconnection, planning readiness and thought leadership. The site announces a Headroom Framework, described as a playbook for assessing how much data center load today's grid can integrate, and reports on active demonstration sites testing real-time flexibility. The About page says the initiative explores the technical, economic and regulatory dimensions of flexibility for utilities, market operators, technology firms and policymakers.","""playbook for assessing how much data center load today's grid can integrate""","Officials hearing claims that a proposed facility will be ""flexible"" or ""grid-friendly"" and wanting to know where that concept comes from.",Member-based collaborative with industry and utility participants; some workshops are limited to members and signatories. Advocacy for flexibility as a solution; demonstration results not reviewed here.,18 September 2026
"Industry, markets and technical explainers",Commercial real estate market report,,North America Data Center Trends H1 2026,CBRE,"August 27, 2026",Web report with market chapters,https://www.cbre.com/insights/books/north-america-data-center-trends-h1-2026,"Subtitled Construction Increases While Vacancy Falls to New Low. It reports record primary market supply, record low vacancy, rising net absorption driven by hyperscale and AI tenants, rent increases across deployment sizes, and record capacity under construction. It highlights that Atlanta overtook Northern Virginia in total construction, that Northern Virginia construction slowed due to land and permitting constraints, and that little future capacity remains available. Chapters cover Atlanta, Chicago, Dallas-Fort Worth, Hillsboro OR, New York Tri-State, Northern Virginia, Phoenix and Silicon Valley.","""primary market vacancy fell to a record low of 1.4% in H1"" | ""For the first time, Atlanta overtook Northern Virginia as the top market for total construction"" | ""a slower pace than last year due to land and permitting constraints"" | ""Power availability and infrastructure delivery timelines remain the most decisive factors""",Economic development staff trying to understand why developers are searching for new markets and how quickly capacity is being absorbed.,Commercial brokerage with a business interest in data center transactions. Covers primary markets only; Kansas City is not one of the chapters.,18 September 2026
"Industry, markets and technical explainers",Commercial real estate market report,,North America Data Center Report Midyear 2026,"JLL (authors Andrew Batson, Ben Davalos)",11 August 2026,Web article,https://www.jll.com/en-us/insights/market-dynamics/north-america-data-centers,"Subtitled Navigating historic growth and community acceptance. JLL reports vacancy near 1% for a third year, most tenants contracting for 2028 deliveries, and more than 66 GW under construction in North America, most of it in frontier markets such as West Texas, Ohio, Louisiana, Indiana and the Carolinas that had almost no capacity ten years ago. It states the next phase of growth depends on building trust and addressing local concerns, and discusses construction lending terms.","""More than 66 GW of data center capacity is under construction in North America"" | ""Today, 77% of this capacity is being built in frontier markets."" | ""depend on building trust, addressing local concerns and delivering lasting benefits to host communities""","Officials in markets that are new to data centers, since this report explains why developers are arriving there.",Commercial brokerage with a business interest in the sector; the tone is favorable to development. Market figures are JLL's own tracking.,18 September 2026
"Industry, markets and technical explainers",Commercial real estate market report,,Americas Data Center Update | H1 2026,Cushman & Wakefield,9/14/2026,Web summary with downloadable report,https://www.cushmanwakefield.com/en/insights/americas-data-center-update,"States that growth is increasingly shaped by local market conditions, including power allocation frameworks, transmission constraints, infrastructure funding obligations and regulatory requirements. Gives regional totals for operational capacity, capacity under construction, precommitment, vacancy and planned pipeline, and names emerging markets such as West Texas, Pennsylvania, Alberta and Cheyenne. The featured markets list includes Kansas City, Iowa and Columbus, so the downloadable report likely has a Kansas City section (not verified).","""The Americas now account for 50.3GW of operational capacity"" | ""a record 37.7GW under construction with a 91.7% precommitment rate"" | ""The planned development pipeline expanded to 285GW"" | ""Region-wide vacancy declined to 3.8%""","Kansas City area officials in particular, because Kansas City is one of the tracked markets.",Commercial brokerage. Only the public summary page was read; the downloadable report's Kansas City figures were not verified. Planned pipeline figures include projects that may never be built.,18 September 2026
"Industry, markets and technical explainers",Market research (public summary),,Hyperscale Spending Spree is Driving Dramatic Growth in Data Center Capacity,Synergy Research Group,"December 19, 2025",Press article,https://www.srgresearch.com/articles/hyperscale-spending-spree-is-driving-dramatic-growth-in-data-center-capacity,"Based on Q3 2025 data covering 21 major cloud and internet firms, it reports the number of large hyperscale data centers worldwide, the growth in operational capacity since 2018, the sharp rise in quarterly hyperscale capital spending since late 2022, and the U.S. share of global hyperscale capacity. It names Amazon, Microsoft and Google as holding the majority of hyperscale capacity, followed by Meta, Alibaba, Tencent, Oracle, Apple and ByteDance. Useful for understanding what hyperscale means and who the hyperscalers are.","""the number of large data centers operated by hyperscale providers has climbed to 1,297 worldwide"" | ""The US now accounts for 55% of worldwide hyperscale operational capacity"" | ""In aggregate, the three now account for 58% of all hyperscale data center capacity.""",Officials who want to know who the hyperscale companies are and how concentrated the market is.,"Commercial research firm selling subscriptions; methodology behind counts is proprietary. Global figures, not local.",18 September 2026
"Industry, markets and technical explainers",Glossary (industry research firm),,Data Centers 101: Technical Terms You Should Know,TeleGeography (Jon Hjembo),"Mar 12, 2025",Web article,https://resources.telegeography.com/data-centers-101-technical-terms-you-should-know,"Defines 13 terms: available capacity, cloud on-ramps, colocation capacity, cross connect, gross capacity, high density, internet exchange, peering, power capacity, PUE, rack density, site density and transit. It explains that power capacity is the total utility power allocated to a site rather than the smaller IT power, that rack density is measured in kilowatts per rack, and that site density is watts per square foot.","""The full amount of utility power allocated to the data center."" | ""We categorize cabinets with 10 kW density or higher as high-density."" | ""The ratio of facility power to data center floor space""",New officials and staff who need quick definitions of the jargon in applications and news coverage.,Written by a commercial telecom research firm for its market; colocation-focused and does not define hyperscale or edge.,18 September 2026
"Industry, markets and technical explainers",Plain-language explainer (university extension),,Data Centers: A Guide to Common Questions,"Penn State Extension (authors James R. Ladlee, Daniel Brockett, Dana Ollendyke, Thomas Beresnyak)","Updated: April 2, 2026",Web article,https://extension.psu.edu/data-centers-a-guide-to-common-questions,"Organized by topic: Power/Electricity (demand and source, infrastructure, reliability, cost and rate impacts, and projected PUE), Water (demand and sourcing, system impact, cooling design, discharge, regulation, private wells, sewer), Broadband, Land Use (site suitability, hazards, preservation), Workforce/Jobs by construction phase, Zoning and Permitting, Site Impacts (noise, lighting, viewshed), Traffic and Infrastructure, Home Values, and Policy and Taxes. It explicitly says it neither advocates for nor opposes projects. It defines PUE simply and asks whether an applicant's estimate reflects real operation or ideal design targets.","""It is not intended to advocate for or oppose any specific project."" | ""PUE = total power supplied to a facility divided by the power used to run IT equipment"" | ""Does the estimate reflect real-world operating conditions or ideal design targets?""",Every local official and planning commissioner before a first data center hearing; also residents.,A question guide rather than an answer source; it does not supply benchmark numbers. Written for Pennsylvania context but broadly applicable.,18 September 2026
"Industry, markets and technical explainers",Plain-language explainer (university extension),,Data Centers in 2026,"University of Wisconsin-Madison Extension (presentation by Anna Haensch, PhD, Data Science Institute)","March 26, 2026 (presented in Lac du Flambeau, Wisconsin)",PDF slide deck,https://extension.wisc.edu/files/2026/05/Data_Centers_Wisconsin-Accessible.pdf,"Defines a data center and names three types: colocation facilities, hyperscale data centers and enterprise data centers. It connects AI to data center growth. A benefit and risk table covers jobs, economic activity, tax revenue and becoming a tech hub, noting for example that job creation may be mostly temporary construction work and that tax revenue can be delayed and concentrated in one payer. Later slides map transmission lines and list near-future Wisconsin projects with their megawatt ratings.","""A data center is a collection of computers in a building serving up data, computation, and other cloud resources"" | ""it can be 20 years before the increase is realized"" | ""Data centers are neither all benefit, nor all risk."" | ""Communities near existing high voltage transmission lines will be attractive to data center developers.""","Rural and small-town officials who want a balanced, visual introduction.","Slide deck without narration, so some points are brief. Wisconsin-specific project data. Individual claims are not footnoted on every slide.",18 September 2026
"Industry, markets and technical explainers",Plain-language explainer and resource list (university extension),,Data Center Resources,Michigan State University Extension,"February 12, 2026",Web page,https://www.canr.msu.edu/resources/data-center-resources,"Explains that data centers range from hyperscale (the largest) to on-site, retail or industry-specific facilities called edge, enterprise or co-location, and that AI data centers need more electricity and cooling and so locate near large power supplies and fiber. It gives scale comparisons for power, water and building size, citing the DOE Advisory Board for campus power requests, and uses a Saline Township, Michigan proposal as a size example. A resource list links to the NLC primer, the CRS FAQ, ULI guidance, Georgetown Climate Center ordinances, the Joyce Foundation, Washtenaw County, University of Michigan Ford School, NRDC and others.","""between 300-1000MW (2024)"" | ""300 MW is enough energy to power about 250,000 homes for a year."" | ""A 100 MW facility may consume the same amount of water as 2,600 households.""",Local officials who want definitions of data center types plus a vetted starting reading list.,The scale comparisons are secondary citations; the water comparison's underlying source was not traced in this review. Michigan focus.,18 September 2026
